SYMBOL,RANGE
20MICRONS,1.2999992
21STCENMGM,0.40000057
3IINFOTECH,0.1500001
3MINDIA,532.7988
3PLAND,0.5999999
5PAISA,21.0
63MOONS,3.699997
762GS2039,0.0
A2ZINFRA,0.099999905
AAKASH,0.5
AARON,0.0
AARTIDRUGS,33.799988
AARTIIND,90.70001
AARVEEDEN,0.8000002
AAVAS,45.849976
ABAN,0.95000076
ABB,24.150024
ABBOTINDIA,108.84961
ABCAPITAL,3.3499985
ABFRL,4.899994
ABSLBANETF,0.0
ACC,28.800049
ACCELYA,50.900024
ACE,2.7000046
ADANIENT,7.350006
ADANIGAS,5.949997
ADANIGREEN,5.949997
ADANIPORTS,14.0
ADANIPOWER,1.25
ADANITRANS,8.049988
ADFFOODS,7.0
ADHUNIKIND,1.7999992
ADLABS,0.25
ADORWELD,10.0
ADROITINFO,0.5
ADSL,0.15000153
ADVANIHOTR,4.049999
ADVENZYMES,3.199997
AEGISCHEM,3.699997
AFFLE,119.05005
AGARIND,4.0
AGCNET,0.0
AGRITECH,1.5
AGROPHOS,0.0
AHLEAST,5.449997
AHLUCONT,10.600006
AHLWEST,19.899994
AIAENG,107.04993
AIONJSW,0.6000004
AIRAN,1.1999998
AJANTPHARM,36.75
AJMERA,3.75
AKASH,6.5
AKSHARCHEM,5.5
AKSHOPTFBR,0.5500002
AKZOINDIA,129.1001
ALANKIT,0.4499998
ALBERTDAVD,21.200012
ALBK,0.34999847
ALCHEM,0.100000024
ALEMBICLTD,6.3499985
ALICON,24.299988
ALKALI,9.299999
ALKEM,96.8501
ALKYLAMINE,32.900024
ALLCARGO,3.5999985
ALLSEC,6.299988
ALMONDZ,0.75
ALOKTEXT,0.25
ALPA,1.2999992
ALPHAGEO,13.850006
ALPSINDUS,0.049999952
AMARAJABAT,12.0
AMBER,107.0
AMBIKCO,16.450012
AMBUJACEM,5.0
AMDIND,2.7999992
AMJLAND,1.4000015
AMRUTANJAN,18.649994
ANANTRAJ,0.79999924
ANDHRABANK,0.14999962
ANDHRACEMT,0.1500001
ANDHRSUGAR,17.049988
ANDPAPER,11.0
ANIKINDS,1.0
ANKITMETAL,0.099999994
ANSALAPI,0.20000029
ANSALHSG,0.4000001
ANTGRAPHIC,0.049999952
ANUP,48.099976
APARINDS,6.450012
APCL,7.800003
APCOTEXIND,5.399994
APEX,11.700012
APLAPOLLO,32.5
APLLTD,13.950012
APOLLO,3.6500015
APOLLOHOSP,23.899902
APOLLOPIPE,18.0
APOLLOTYRE,2.300003
APOLSINHOT,11.0
APTECHT,35.300003
ARCHIDPLY,1.8500023
ARCHIES,0.45000076
ARCOTECH,0.20000005
ARIES,1.800003
ARIHANT,0.8500004
ARIHANTSUP,2.1999989
ARMANFIN,18.450012
AROGRANITE,2.0
ARROWGREEN,1.25
ARROWTEX,0.19999981
ARSHIYA,1.1499996
ARSSINFRA,1.0499992
ARTEMISMED,0.0
ARVIND,0.79999924
ARVINDFASN,8.0
ARVSMART,2.949997
ASAHIINDIA,6.149994
ASAHISONG,6.850006
ASAL,0.8500023
ASCOM,0.40000153
ASHAPURMIN,2.1000023
ASHIANA,4.6500015
ASHIMASYN,0.5499997
ASHOKA,2.7000046
ASHOKLEY,1.2999954
ASIANHOTNR,5.949997
ASIANPAINT,22.849976
ASIANTILES,8.0
ASPINWALL,11.0
ASTEC,15.299988
ASTERDM,6.899994
ASTRAL,68.94995
ASTRAMICRO,9.0
ASTRAZEN,83.69995
ASTRON,1.0999985
ATFL,23.5
ATLANTA,0.3000002
ATLASCYCLE,2.0
ATUL,136.2998
ATULAUTO,13.5
AUBANK,36.0
AURIONPRO,2.25
AUROPHARMA,7.899994
AUSOMENT,3.5
AUTOAXLES,19.799988
AUTOIND,0.70000076
AUTOLITIND,2.3500004
AVADHSUGAR,16.350006
AVANTIFEED,17.800049
AVG,0.0
AVROIND,0.0
AVTNPL,1.75
AXISBANK,11.950012
AXISCADES,5.9000015
AXISGOLD,36.649902
AXISNIFTY,13.589966
AYMSYNTEX,2.0499992
BAGFILMS,0.100000024
BAJAJ-AUTO,39.0
BAJAJCON,6.0
BAJAJELEC,11.350006
BAJAJFINSV,280.0
BAJAJHIND,0.2999997
BAJAJHLDNG,168.0
BAJFINANCE,228.8999
BALAJITELE,3.2999992
BALAMINES,13.25
BALAXI,9.099998
BALKRISHNA,0.54999924
BALKRISIND,27.199951
BALLARPUR,0.050000012
BALMLAWRIE,7.0999985
BALPHARMA,2.9000015
BALRAMCHIN,7.400009
BANARBEADS,1.6500015
BANARISUG,51.55005
BANCOINDIA,1.8499985
BANDHANBNK,20.75
BANG,1.8000011
BANKBARODA,0.8499985
BANKBEES,2.350006
BANKINDIA,1.0
BANSWRAS,7.199997
BARTRONICS,0.0
BASF,24.849976
BASML,11.899994
BATAINDIA,38.0
BAYERCROP,60.0
BBL,10.0
BBTC,33.650024
BCG,0.39999962
BCP,1.5
BDL,14.950012
BEARDSELL,0.6499996
BEDMUTHA,0.6999998
BEL,1.4500046
BEML,14.799988
BEPL,2.8500023
BERGEPAINT,14.099976
BETA,4.25
BFINVEST,8.399994
BFUTILITIE,20.149994
BGLOBAL,0.0
BGRENERGY,3.0999985
BHAGERIA,3.899994
BHAGYANGR,1.1500015
BHAGYAPROP,0.95000076
BHANDARI,0.100000024
BHARATFORG,12.900024
BHARATGEAR,2.5999985
BHARATRAS,236.0
BHARATWIRE,1.8500004
BHARTIARTL,13.149994
BHEL,1.5
BIGBLOC,0.25
BIL,10.449997
BILENERGY,0.050000012
BINDALAGRO,1.3500004
BIOCON,14.899994
BIOFILCHEM,0.8499994
BIRLACABLE,1.5999985
BIRLACORPN,42.0
BIRLAMONEY,0.9000015
BKMINDST,0.050000012
BLBLIMITED,0.4000001
BLISSGVS,2.350006
BLKASHYAP,0.34999943
BLS,2.199997
BLUEBLENDS,0.050000012
BLUEDART,182.0
BLUESTARCO,55.5
BODALCHEM,1.5999985
BOHRA,0.0
BOMDYEING,7.2000046
BOROSIL,6.300003
BOSCHLTD,221.5
BPCL,10.25
BPL,0.5
BRFL,0.25
BRIGADE,7.0
BRITANNIA,55.44995
BRITANNIA,0.3199997
BRNL,5.4000015
BROOKS,2.6500015
BSE,8.700012
BSELINFRA,0.05000007
BSHSL,2.5
BSL,2.3500023
BSLGOLDETF,94.69995
BSOFT,1.199997
BURNPUR,0.100000024
BUTTERFLY,13.0
BVCL,0.19999981
BYKE,1.3999996
CADILAHC,4.850006
CADSYS,0.0
CALSOFT,1.0500002
CAMLINFINE,4.5999985
CANBK,4.349991
CANDC,0.20000005
CANFINHOME,23.149994
CANTABIL,8.550018
CAPACITE,5.599991
CAPLIPOINT,7.0
CAPTRUST,12.949997
CARBORUNIV,7.899994
CAREERP,4.9000015
CARERATING,16.900024
CASTEXTECH,0.050000012
CASTROLIND,3.0999908
CCHHL,0.20000005
CCL,19.649994
CDSL,5.799988
CEATLTD,13.799988
CEBBCO,0.8999996
CELEBRITY,0.25
CELESTIAL,0.05000019
CENTENKA,6.449997
CENTEXT,0.1500001
CENTRALBK,1.0
CENTRUM,1.2999992
CENTUM,19.450012
CENTURYPLY,3.399994
CENTURYTEX,22.450012
CERA,19.5
CEREBRAINT,0.0
CESC,11.600037
CESCVENT,9.050018
CGCL,6.849991
CGPOWER,0.5
CHALET,6.049988
CHAMBLFERT,6.649994
CHEMBOND,12.449997
CHEMFAB,9.800003
CHENNPETRO,6.0
CHOLAFIN,9.75
CHOLAHLDNG,22.950012
CHROMATIC,0.100000024
CIGNITITEC,8.899994
CIMMCO,1.75
CINELINE,1.5
CINEVISTA,0.39999962
CIPLA,7.049988
CKFSL,0.049999982
CLEDUCATE,4.5499954
CLNINDIA,8.25
CMICABLES,2.6000023
CMMIPL,0.0
CNOVAPETRO,0.4000001
COALINDIA,5.0
COCHINSHIP,15.949982
COFFEEDAY,2.5
COLPAL,22.75
COMPINFO,1.8999996
COMPUSOFT,0.20000029
CONCOR,11.450012
CONFIPET,3.6000004
CONSOFINVT,1.0999985
CONTI,2.199997
CONTROLPR,24.300003
CORALFINAC,0.39999962
CORDSCABLE,5.299999
COROMANDEL,11.700012
CORPBANK,0.25
COSMOFILMS,4.75
COUNCODOS,0.100000024
COX&KINGS,0.05000007
CPSEETF,0.30000114
CREATIVE,7.800003
CREATIVEYE,0.0
CREDITACC,31.400024
CREST,8.75
CRISIL,63.80005
CROMPTON,8.299988
CSBBANK,7.0
CTE,1.6499996
CUB,7.25
CUBEXTUB,0.19999981
CUMMINSIND,58.799988
CUPID,8.0
CYBERMEDIA,0.0
CYBERTECH,1.0999985
CYIENT,11.850006
DAAWAT,1.0499992
DABUR,6.799988
DALBHARAT,58.950012
DALMIASUG,4.300003
DAMODARIND,1.3500004
DANGEE,0.0
DATAMATICS,3.7000046
DBCORP,2.550003
DBL,9.899994
DBREALTY,0.5500002
DBSTOCKBRO,0.0
DCAL,5.399994
DCBBANK,7.0
DCM,1.75
DCMFINSERV,0.0
DCMNVL,2.4000015
DCMSHRIRAM,19.049988
DCW,0.5999994
DECCANCE,10.5
DEEPAKFERT,6.3499985
DEEPAKNTR,7.350006
DEEPIND,3.050003
DELTACORP,5.050003
DELTAMAGNT,2.7000008
DEN,3.4500008
DENORA,9.5
DEVIT,2.100006
DFMFOODS,28.899994
DGCONTENT,0.20000029
DHAMPURSUG,11.350006
DHANBANK,0.5500002
DHANUKA,51.850006
DHARSUGAR,0.5499997
DHFL,0.8499994
DHFL,0.0
DHFL,10.0
DHFL,15.0
DHFL,1.0
DHFL,15.0
DHFL,25.059998
DHFL,2.0
DHFL,0.1000061
DHFL,3.0
DHFL,0.0
DHUNINV,23.899994
DIAMONDYD,23.650024
DIAPOWER,0.099999964
DICIND,24.75
DIGISPICE,0.3499999
DIGJAMLTD,0.100000024
DISHTV,1.3499994
DIVISLAB,58.349976
DIXON,247.5503
DLF,5.149994
DLINKINDIA,3.5
DMART,56.25
DNAMEDIA,0.049999982
DOLAT,2.7000008
DOLLAR,7.099991
DONEAR,1.5
DPSCLTD,0.5500002
DPWIRES,4.4000015
DQE,0.0
DREDGECORP,8.700012
DRREDDY,102.65015
DSML,0.05000019
DSSL,1.6000004
DTIL,4.199997
DUCON,0.3000002
DVL,2.6500015
DWARKESH,2.5
DYNAMATECH,62.700012
DYNPRO,6.949997
E2E,0.0
EASTSILK,0.100000024
EASUNREYRL,0.1500001
EBBETF0423,0.89001465
EBBETF0430,1.8200073
EC2RG,0.1500001
ECLERX,15.099976
ECLFINANCE,12.5
ECLFINANCE,27.0
ECLFINANCE,6.0
ECLFINANCE,10.0
ECLFINANCE,30.0
ECLFINANCE,11.0
ECLFINANCE,57.0
ECLFINANCE,84.900024
ECLFINANCE,0.0
ECLFINANCE,0.0
ECLFINANCE,0.0
ECLFINANCE,0.0
ECLFINANCE,0.0
ECLFINANCE,110.0
ECLFINANCE,13.97998
ECLFINANCE,6.0
ECLFINANCE,39.0
ECLFINANCE,24.0
EDELWEISS,4.300003
EDL,0.20000005
EDUCOMP,0.100000024
EHFLNCD,3.0100098
EICHERMOT,1136.0
EIDPARRY,5.899994
EIFFL,0.5
EIHAHOTELS,7.5500183
EIHOTEL,2.25
EIMCOELECO,15.099976
EKC,1.0
ELECON,1.2000008
ELECTCAST,0.75
ELECTHERM,2.0
ELGIEQUIP,8.550003
ELGIRUBCO,0.79999924
EMAMILTD,8.350006
EMAMIPAP,0.0
EMAMIREAL,1.1000061
EMBASSY,7.0700073
EMCO,0.099999964
EMKAY,3.5499954
EMKAYTOOLS,0.0
EMMBI,2.4000015
EMOFSR1RDP,0.020000458
EMOFSR1RGG,0.11000061
ENDURANCE,59.75
ENERGYDEV,0.19999981
ENGINERSIN,2.9000015
ENIL,11.099991
EON,0.54999924
EQ30,10.899994
EQUITAS,3.300003
ERFLNCDI,18.0
ERFLNCDI,9.799988
ERFLNCDI,0.0
ERFLNCDI,8.01001
ERIS,45.49997
EROSMEDIA,0.35000038
ESABINDIA,94.80005
ESCORTS,30.799988
ESSARSHPNG,0.5500002
ESSELPACK,10.849991
ESTER,0.8999977
EUROCERA,0.050000012
EUROMULTI,0.100000024
EUROTEXIND,0.35000038
EVEREADY,1.0499992
EVERESTIND,18.5
EXCEL,0.100000024
EXCELINDUS,16.900024
EXIDEIND,3.199997
EXPLEOSOL,15.399994
FACT,2.7000008
FAIRCHEM,23.799988
FCL,0.79999924
FCONSUMER,0.70000076
FCSSOFT,0.049999997
FDC,3.5
FEDERALBNK,1.7999954
FEL,0.9000015
FELDVR,0.95000076
FIEMIND,11.100006
FILATEX,0.54999924
FINCABLES,14.799988
FINEORG,164.6001
FINPIPE,23.900024
FLEXITUFF,0.6500001
FLFL,5.350006
FLUOROCHEM,21.700012
FMGOETZE,21.149963
FMNL,2.5499992
FOCUS,0.0
FORCEMOT,56.150024
FORTIS,2.1500092
FOSECOIND,83.650024
FOURTHDIM,0.0
FRETAIL,11.799988
FSC,5.950012
FSL,2.1500015
GABRIEL,3.399994
GAEL,18.199997
GAIL,3.2500076
GAL,0.1500001
GALAXYSURF,44.900024
GALLANTT,3.25
GALLISPAT,0.70000076
GAMMNINFRA,0.050000012
GANDHITUBE,7.899994
GANECOS,7.5
GANESHHOUC,3.6500015
GANGESSECU,3.2999992
GANGOTRI,0.049999952
GARDENSILK,0.8999996
GARFIBRES,77.400024
GATI,2.1500015
GAYAHWS,0.050000012
GAYAPROJ,0.0
GDL,7.449997
GEECEE,9.049995
GEEKAYWIRE,0.0
GENESYS,1.9000015
GENUSPAPER,0.5499997
GENUSPOWER,1.1499996
GEOJITFSL,0.70000076
GEPIL,23.349976
GESHIP,13.200012
GET&D,6.0
GFLLIMITED,0.0
GHCL,3.850006
GICHSGFIN,2.699997
GICRE,9.75
GILLANDERS,2.5
GILLETTE,35.25
GINNIFILA,0.54999924
GIPCL,2.800003
GKWLIMITED,8.400024
GLAXO,63.30005
GLENMARK,11.75
GLFL,0.0
GLOBALVECT,4.6000023
GLOBOFFS,0.2999997
GLOBUSSPR,8.800003
GMBREW,12.100006
GMDCLTD,1.4000015
GMMPFAUDLR,73.0
GMRINFRA,0.34999847
GNA,6.599991
GNFC,6.550003
GOACARBON,10.25
GOCLCORP,7.850006
GODFRYPHLP,162.0
GODREJAGRO,15.150024
GODREJCP,34.75
GODREJIND,16.049988
GODREJPROP,41.94995
GOENKA,0.050000012
GOKEX,2.7000046
GOKUL,0.6499996
GOKULAGRO,1.1499996
GOLDBEES,1.0
GOLDENTOBC,0.95000076
GOLDIAM,8.899994
GOLDSHARE,51.0
GOLDTECH,1.0500002
GOODLUCK,1.9000015
GPIL,11.0
GPPL,2.5999985
GPTINFRA,1.6500015
GRANULES,3.850006
GRAPHITE,6.0
GRASIM,22.849976
GRAVITA,4.700001
GREAVESCOT,5.949997
GREENLAM,32.450012
GREENPANEL,1.3500023
GREENPLY,4.199997
GREENPOWER,0.100000024
GRINDWELL,22.850037
GROBTEA,20.0
GRPLTD,68.95001
GRSE,7.449997
GSCLCEMENT,0.79999924
GSFC,2.75
GSKCONS,91.84961
GSPL,4.799988
GSS,2.8499985
GTL,0.100000024
GTLINFRA,0.099999994
GTNIND,0.8499999
GTNTEX,0.0
GTPL,1.5
GUFICBIO,3.75
GUJALKALI,14.0
GUJAPOLLO,3.9000015
GUJGASLTD,10.699982
GUJRAFFIA,0.0
GULFOILLUB,10.049988
GULFPETRO,4.25
GULPOLY,4.8999977
GVKPIL,0.25
HAL,34.200012
HARITASEAT,17.900024
HARRMALAYA,1.9500046
HATHWAY,0.5
HATSUN,19.200012
HAVELLS,9.599976
HAVISHA,0.050000012
HBLPOWER,0.44999886
HCC,0.4499998
HCG,8.349998
HCL-INSYS,0.25
HCLTECH,9.299988
HDFC,47.5
HDFCAMC,42.0
HDFCBANK,19.75
HDFCLIFE,8.75
HDFCMFGETF,24.0
HDFCNIFETF,10.160034
HDFCSENETF,12.25
HDIL,0.19999981
HEG,31.849976
HEIDELBERG,3.75
HEOF1100RG,0.0
HERCULES,4.4000015
HERITGFOOD,14.149994
HEROMOTOCO,40.0
HESTERBIO,21.949951
HEXATRADEX,1.1999998
HEXAWARE,11.850006
HFCL,0.30000114
HGINFRA,6.850006
HGS,19.25
HHOF1140RG,0.15999985
HIKAL,4.5
HIL,36.0
HILTON,1.1000004
HIMATSEIDE,2.3499908
HINDALCO,3.2999878
HINDCOMPOS,14.0
HINDCOPPER,1.199997
HINDMOTORS,0.14999962
HINDNATGLS,1.4500008
HINDOILEXP,1.699997
HINDPETRO,6.899994
HINDSYNTEX,0.0
HINDUNILVR,23.75
HINDZINC,4.75
HIRECT,17.100006
HISARMETAL,5.8499985
HITECH,12.0
HITECHCORP,10.75
HITECHGEAR,5.300003
HLVLTD,0.1500001
HMT,0.35000038
HMVL,6.4500046
HNDFDS,22.5
HNGSNGBEES,18.769989
HONAUT,360.05078
HONDAPOWER,57.599976
HOVS,1.75
HPIL,0.6500015
HPL,1.4500008
HSCL,1.5999985
HSIL,2.2000008
HTMEDIA,0.19999886
HUBTOWN,0.5999994
HUDCO,1.0499992
HUDCO,0.25
HUDCO,1.0100098
HUDCO,19.0
HUDCO,7.5
HUDCO,0.0
HUDCO,0.099975586
HUDCO,7.98999
IBMFNIFTY,4.75
IBREALEST,10.050003
IBUCCREDIT,0.0
IBUCCREDIT,0.0
IBUCCREDIT,0.0
IBULHSGFIN,14.699982
IBULHSGFIN,7.0
IBULHSGFIN,0.0
IBULHSGFIN,0.0
IBULISL,8.25
IBVENTURES,3.0999985
IBVENTURES,3.75
ICFL,1.9000244
ICFL,22.0
ICFL,0.0
ICFL,73.0
ICFL,0.0
ICFL,3.0
ICFL,25.0
ICFL,1.0499878
ICICI500,3.9600067
ICICIB22,0.49000168
ICICIBANK,9.5
ICICIBANKN,6.049988
ICICIBANKP,1.5700073
ICICIGI,26.449951
ICICIGOLD,1.0499992
ICICILIQ,0.049987793
ICICILOVOL,0.8500061
ICICIM150,7.8499985
ICICIMCAP,1.300003
ICICINF100,1.1699982
ICICINIFTY,6.3399963
ICICINV20,0.91999817
ICICINXT50,1.1300011
ICICIPRULI,13.199951
ICICISENSX,5.1099854
ICIL,2.0499992
ICRA,95.0
IDBI,1.199997
IDBIGOLD,42.399902
IDEA,0.5499997
IDFC,0.29999924
IDFCFIRSTB,1.25
IDFCFIRSTB,4.1000977
IDFCFIRSTB,15.0
IDFCFIRSTB,0.0
IDFCFIRSTB,44.0
IDFCFIRSTB,25.990234
IDFNIFTYET,6.9000015
IEX,5.850006
IFBAGRO,27.950012
IFBIND,46.0
IFCI,0.099999905
IFCI,2.0
IFCI,1.0900269
IFCI,0.0
IFGLEXPOR,6.5
IGARASHI,16.850006
IGL,9.0
IGPL,9.299988
IIFCL,10.0
IIFL,6.600006
IIFLFIN,0.0
IIFLFIN,0.0
IIFLFIN,5.0999756
IIFLFIN,0.0
IIFLFIN,0.0
IIFLFIN,11.900024
IIFLFIN,0.0
IIFLFIN,0.0
IIFLFIN,0.099975586
IIFLSEC,3.9500008
IIFLWAM,27.050049
IIHFL,2.5499878
IIHFL,2.0
IITL,1.4500008
IL&FSENGG,0.100000024
IL&FSTRANS,0.100000024
IMFA,14.450012
IMPAL,19.0
IMPEXFERRO,0.050000012
INDBANK,0.9499998
INDHOTEL,2.850006
INDIACEM,2.2000046
INDIAGLYCO,14.600006
INDIAMART,38.44995
INDIANB,1.8999939
INDIANCARD,0.5
INDIANHUME,6.600006
INDIGO,43.799927
INDIGRID,0.6800003
INDLMETER,0.0
INDNIPPON,12.149994
INDOCO,15.0
INDORAMA,0.39999962
INDOSOLAR,0.050000012
INDOSTAR,18.25
INDOTECH,2.949997
INDOTHAI,0.8999996
INDOWIND,0.20000005
INDRAMEDCO,5.549999
INDSWFTLAB,0.55000114
INDSWFTLTD,0.25
INDTERRAIN,9.400002
INDUSINDBK,25.699951
INEOSSTYRO,39.0
INFIBEAM,5.5
INFOBEAN,7.5999985
INFRABEES,0.0
INFRATEL,8.549988
INFY,8.549988
INGERRAND,14.049988
INNOVANA,1.199997
INOXLEISUR,4.600006
INOXWIND,2.0499992
INSECTICID,33.849976
INSPIRISYS,2.6500015
INTEGRA,0.099999964
INTELLECT,2.949997
INTENTECH,2.8500004
INVENTURE,0.79999924
IOB,0.40000057
IOC,2.149994
IOLCP,7.399994
IPCALAB,29.900024
IRB,2.75
IRBINVIT,0.73999786
IRCON,36.0
IRCTC,66.400024
IREDA,5.0
IREDA,5.0
IRFC,1.0
IRFC,3.9499512
IRFC,0.0
IRFC,0.0
IRFC,21.400024
IRFC,1.0
IRFC,0.0
IRFC,1.4100342
IRFC,0.0
ISEC,15.350006
ISFT,1.5499954
ISMTLTD,0.25
ITC,6.5
ITDC,6.899994
ITDCEM,2.7999992
ITI,6.050003
IVC,0.10000014
IVP,1.7000008
IVZINNIFTY,0.0
IZMO,0.70000076
J&KBANK,0.6000004
JAGRAN,1.6000061
JAGSNPHARM,1.7000008
JAIBALAJI,5.0
JAICORPLTD,3.75
JAKHARIA,0.0
JALAN,0.0
JAMNAAUTO,0.95000076
JASH,8.800003
JAYAGROGN,4.699997
JAYBARMARU,7.949997
JAYNECOIND,0.35000014
JAYSREETEA,2.1000023
JBCHEPHARM,25.5
JBFIND,0.0
JBMA,9.550003
JCHAC,69.0
JETAIRWAYS,3.1499977
JHS,0.6499996
JIKIND,0.099999994
JINDALPHOT,1.3500004
JINDALPOLY,10.649994
JINDALSAW,2.5999985
JINDALSTEL,10.399994
JINDCOT,0.099999905
JINDRILL,7.4000015
JINDWORLD,4.3499985
JISLDVREQS,0.4000001
JISLJALEQS,0.4499998
JITFINFRA,0.8000002
JIYAECO,1.9499989
JKCEMENT,34.05005
JKIL,2.949997
JKLAKSHMI,21.75
JKPAPER,2.5
JKTYRE,2.1500015
JMA,1.0
JMCPROJECT,1.5499954
JMFINANCIL,4.0499954
JMTAUTOLTD,0.05000007
JOCIL,4.25
JPASSOCIAT,0.049999952
JPINFRATEC,0.049999952
JPOLYINVST,0.6000004
JPPOWER,0.049999952
JSL,1.25
JSLHISAR,1.8999939
JSWENERGY,2.2000046
JSWHL,153.25
JSWSTEEL,6.3000183
JSWSTEEL,0.049999952
JTEKTINDIA,2.3499985
JUBILANT,20.150024
JUBLFOOD,57.80005
JUBLINDS,6.350006
JUMPNET,1.5
JUNIORBEES,2.850006
JUSTDIAL,16.200012
JVLAGRO,0.050000012
JYOTHYLAB,6.550003
KABRAEXTRU,4.25
KAJARIACER,14.350037
KAKATCEM,17.25
KALPATPOWR,7.100006
KALYANIFRG,4.799988
KAMATHOTEL,1.7000008
KAMDHENU,3.75
KANANIIND,0.3000002
KANORICHEM,1.3500023
KANSAINER,5.0
KARDA,1.949997
KARMAENG,1.0999994
KARURVYSYA,3.0499992
KAUSHALYA,0.050000012
KAVVERITEL,0.0
KAYA,32.399994
KCP,3.1500015
KCPSUGIND,0.8000002
KDDL,23.099976
KEC,9.800018
KECL,0.5999985
KEI,25.400024
KELLTONTEC,2.1499996
KENNAMET,36.150024
KERNEX,0.95000076
KESORAMIND,1.0499992
KEYFINSERV,0.0
KGL,0.099999994
KHADIM,4.0
KHAITANLTD,1.0
KHFM,0.0
KICL,33.0
KILITCH,2.0999985
KINGFA,21.75
KIOCL,7.5999985
KIRIINDUS,7.0
KIRLFER,2.899994
KIRLOSBROS,5.600006
KIRLOSENG,5.700012
KIRLOSIND,28.0
KITEX,4.800003
KKCL,139.0
KMSUGAR,0.4499998
KNRCON,10.899994
KOHINOOR,0.4499998
KOKUYOCMLN,4.75
KOLTEPATIL,8.699997
KOPRAN,1.5
KOTAKBANK,23.149902
KOTAKBKETF,4.75
KOTAKGOLD,4.5
KOTAKNIFTY,1.2700043
KOTAKNV20,1.0599976
KOTAKPSUBK,2.3600006
KOTARISUG,0.8500004
KOTHARIPET,1.2000008
KOTHARIPRO,5.5999985
KPITTECH,6.25
KPRMILL,23.0
KRBL,23.25
KREBSBIO,5.3499985
KRIDHANINF,0.20000005
KRISHANA,0.0
KRITIKA,0.0
KSB,25.849976
KSCL,15.75
KSERASERA,0.050000004
KSHITIJPOL,0.0
KSK,0.050000012
KSL,21.199997
KTKBANK,1.1499939
KUANTUM,13.0
KWALITY,0.20000005
L&TFH,1.5
L&TFINANCE,4.9000244
L&TFINANCE,0.0
L&TFINANCE,5.01001
L&TFINANCE,0.0
L&TFINANCE,3.0
L&TFINANCE,1.0
L&TFINANCE,0.0
L&TFINANCE,2.4500122
L&TINFRA,41.900024
L&TINFRA,11.0
L&TINFRA,0.030029297
L&TINFRA,1.0999756
L&TINFRA,19.5
LAKPRE,0.0
LAKSHVILAS,0.4499998
LALPATHLAB,28.800049
LAMBODHARA,1.7000008
LAOPALA,7.850006
LASA,0.0
LAURUSLABS,14.700012
LAXMIMACH,95.44995
LEMONTREE,1.8499985
LFIC,4.799999
LGBBROSLTD,9.950012
LGBFORGE,0.20000005
LIBAS,2.0999985
LIBERTSHOE,3.899994
LICHSGFIN,9.0
LICNETFGSC,0.87000084
LICNETFN50,3.0
LICNETFSEN,19.899994
LICNFNHGP,1.9000015
LINCOLN,5.5
LINCPEN,13.899994
LINDEINDIA,55.349976
LIQUIDBEES,0.76000977
LIQUIDETF,0.020019531
LOKESHMACH,1.2000008
LOTUSEYE,2.9000015
LOVABLE,3.2999954
LPDC,0.100000024
LSIL,0.100000024
LT,22.849976
LTI,22.699951
LTTS,43.69995
LUMAXIND,75.0
LUMAXTECH,3.0499954
LUPIN,9.200012
LUXIND,64.0
LYKALABS,0.69999886
LYPSAGEMS,0.5999999
M&M,8.549988
M&MFIN,21.100006
M&MFIN,4.0
M&MFIN,0.0
M100,0.27000046
M17RD,0.0
M50,1.2699966
MAANALU,4.4000015
MACPOWER,0.0
MADHAV,3.6000004
MADHUCON,0.3000002
MADRASFERT,0.6500015
MAGADSUGAR,8.800003
MAGMA,2.5
MAGNUM,0.14999986
MAHABANK,0.25
MAHAPEXLTD,8.599998
MAHASTEEL,7.800003
MAHESHWARI,31.799988
MAHICKRA,0.0
MAHINDCIE,6.25
MAHLIFE,8.75
MAHLOG,10.399994
MAHSCOOTER,170.0
MAHSEAMLES,6.450012
MAITHANALL,23.450012
MAJESCO,10.200012
MALUPAPER,2.3499985
MAN50ETF,0.6500015
MANAKALUCO,0.3000002
MANAKCOAT,0.20000029
MANAKSIA,1.3499985
MANAKSTEEL,0.6500006
MANALIPETC,0.6499996
MANAPPURAM,9.100006
MANGALAM,1.9000015
MANGCHEFER,1.0499992
MANGLMCEM,9.549988
MANGTIMBER,0.5
MANINDS,0.95000076
MANINFRA,0.8999996
MANUGRAPH,0.75
MARALOVER,0.35000038
MARATHON,6.949997
MARICO,11.300018
MARINE,0.7999954
MARKSANS,1.3999996
MARSHALL,0.0
MARUTI,141.25
MASFIN,20.450012
MASTEK,31.25
MATRIMONY,11.850006
MAWANASUG,2.5999985
MAXINDIA,2.8499985
MAXVIL,1.7999992
MAYURUNIQ,5.300003
MAZDA,15.0
MBECL,0.25
MBLINFRA,0.25
MCDHOLDING,2.4500008
MCDOWELL-N,28.0
MCL,5.4000015
MCLEODRUSS,0.10000038
MCX,28.150024
MEGASOFT,0.2999997
MEGH,8.25
MELSTAR,0.0
MENONBE,1.8500023
MEP,1.0
MERCATOR,0.050000012
METALFORGE,0.0
METKORE,0.050000012
METROPOLIS,47.75
MFSL,9.5
MGEL,0.0
MGL,25.0
MHHL,0.0
MHRIL,3.949997
MIC,0.050000012
MIDHANI,5.899994
MILTON,0.0
MINDACORP,3.9000015
MINDAIND,17.100006
MINDPOOL,0.0
MINDTECK,1.0999985
MINDTREE,9.799988
MIRCELECTR,0.6000004
MIRZAINT,1.9500008
MMFL,11.149994
MMP,10.0
MMTC,0.6000004
MODIRUBBER,1.0499992
MOHITIND,0.049999952
MOHOTAIND,0.75
MOIL,8.849991
MOLDTECH,1.6000023
MOLDTKPAC,3.9500122
MONTECARLO,6.549988
MORARJEE,1.0500011
MOREPENLAB,0.6499996
MOTHERSUMI,2.949997
MOTILALOFS,29.25
MOTOGENFIN,1.5
MPHASIS,19.400024
MPSLTD,13.799988
MRF,600.0
MRPL,0.75
MSPL,0.5
MSTCLTD,10.799995
MTEDUCARE,0.9499998
MTNL,0.4499998
MUKANDENGG,0.54999924
MUKANDLTD,0.8999996
MUKANDLTD,0.3499999
MUKTAARTS,0.79999924
MUNJALAU,1.75
MUNJALSHOW,7.350006
MURUDCERA,1.1499996
MUTHOOTCAP,12.400024
MUTHOOTFIN,11.75
N100,7.8900146
NABARD,1.8100586
NACLIND,1.1000004
NAGAFERT,0.3000002
NAGREEKCAP,0.0
NAGREEKEXP,0.99999905
NAHARCAP,3.6500015
NAHARINDUS,1.6499996
NAHARPOLY,1.5
NAHARSPING,0.8499985
NAM-INDIA,8.799988
NARMADA,0.0
NATCOPHARM,17.5
NATHBIOGEN,22.5
NATIONALUM,1.2000008
NATNLSTEEL,0.0
NAUKRI,69.8501
NAVINFLUOR,48.849976
NAVKARCORP,1.6999989
NAVNETEDUL,1.5999985
NBCC,0.8999977
NBIFIN,146.90002
NBVENTURES,15.400002
NCC,0.79999924
NCLIND,2.8499985
NDGL,9.099976
NDL,1.5499992
NDTV,0.79999924
NECCLTD,0.35000038
NECLIFE,0.6999998
NELCAST,1.6000023
NELCO,4.600006
NEOGEN,22.399994
NESCO,10.0
NESTLEIND,459.9502
NETF,0.91000366
NETFCONSUM,1.2599983
NETFDIVOPP,0.25
NETFLTGILT,0.069999695
NETFMID150,0.7900009
NETFNIF100,1.199997
NETFNV20,0.6499977
NETWORK18,0.94999886
NEULANDLAB,33.950012
NEWGEN,13.449997
NEXTMEDIA,0.6000004
NFL,0.70000076
NH,22.200012
NHAI,2.9000244
NHAI,8.099976
NHAI,8.5
NHAI,1.0
NHAI,2.4899902
NHAI,216.90002
NHAI,39.900024
NHBTF2014,15.0
NHBTF2023,38.0
NHPC,1.75
NIACL,5.0
NIBL,0.099999905
NIFTYBEES,1.1499939
NIFTYEES,148.0
NIITLTD,1.3499985
NIITTECH,121.55005
NILAINFRA,0.4500003
NILASPACES,0.05000007
NILKAMAL,29.800049
NIPPOBATRY,8.200012
NITCO,1.25
NITINFIRE,0.050000012
NITINSPIN,3.8500023
NKIND,0.0
NLCINDIA,1.4000015
NMDC,4.449997
NOCIL,1.7000046
NOIDATOLL,0.25
NORBTEAEXP,0.0
NPBET,2.1599884
NRAIL,14.899994
NRBBEARING,2.449997
NSIL,35.650024
NTL,0.099999994
NTPC,3.1500015
NTPC,0.0
NTPC,0.0
NTPC,27.0
NTPC,0.16999912
NTPC,0.0
NTPC,0.0
NTPC,0.0
NUCLEUS,14.350006
NXTDIGITAL,21.799988
OAL,9.649994
OBEROIRLTY,16.950012
OCCL,23.900024
OFSS,81.84985
OIL,4.449997
OILCOUNTUB,0.099999905
OISL,0.1500001
OLECTRA,6.699997
OMAXAUTO,2.0
OMAXE,3.449997
OMKARCHEM,0.20000029
OMMETALS,0.6000004
ONELIFECAP,0.35000038
ONEPOINT,0.5
ONGC,1.7000046
ONMOBILE,0.80000114
ONWARDTEC,1.3999977
OPTIEMUS,1.3999996
OPTOCIRCUI,0.099999905
ORBTEXP,1.4000015
ORICONENT,0.79999924
ORIENTABRA,0.79999924
ORIENTALTL,0.9499998
ORIENTBANK,0.9000015
ORIENTBELL,6.449997
ORIENTCEM,2.8499985
ORIENTELEC,24.5
ORIENTHOT,1.0499992
ORIENTLTD,4.649994
ORIENTPPR,0.5
ORIENTREF,15.25
ORISSAMINE,138.30005
ORTEL,0.050000012
ORTINLABSS,0.5500002
OSWALAGRO,0.8999996
PAEL,0.1500001
PAGEIND,729.1992
PAISALO,21.199982
PALASHSECU,1.3500004
PALREDTEC,1.6000004
PANACEABIO,4.800003
PANACHE,1.75
PANAMAPET,2.5
PAPERPROD,7.0
PARABDRUGS,0.05000007
PARACABLES,0.95000076
PARAGMILK,3.899994
PARSVNATH,0.1500001
PASHUPATI,0.5
PATELENG,1.25
PATINTLOG,1.1999989
PATSPINLTD,0.0
PCJEWELLER,0.44999886
PDMJEPAPER,0.6000004
PDPL,0.099999905
PDSMFL,10.5
PEARLPOLY,0.79999924
PEL,40.94995
PENIND,0.5999985
PENINLAND,0.19999981
PENTAGOLD,0.0
PERSISTENT,42.849976
PETRONENGG,0.5500002
PETRONET,5.100006
PFC,2.9000015
PFC,1.4000244
PFC,0.0
PFC,1.5100098
PFIZER,109.0
PFOCUS,1.5499992
PFS,0.8999996
PGEL,2.7999954
PGHH,270.5
PGHL,67.0
PGIL,3.899994
PHILIPCARB,4.949997
PHOENIXLTD,34.0
PIDILITIND,43.700073
PIIND,65.849976
PILANIINVS,19.150024
PILITA,0.19999981
PIONDIST,10.349991
PIONEEREMB,1.3500004
PITTIENG,1.2000008
PKTEA,11.0
PLASTIBLEN,6.550003
PNB,0.70000076
PNBGILTS,0.25
PNBHOUSING,12.899994
PNC,0.6000004
PNCINFRA,12.100006
PODDARHOUS,8.0
PODDARMENT,11.5
POKARNA,6.8499985
POLYCAB,29.0
POLYMED,55.0
POLYPLEX,15.400024
PONNIERODE,6.699997
POWERGRID,4.550003
POWERMECH,30.049988
PPAP,8.800003
PPL,2.4000015
PRABHAT,1.6499939
PRADIP,0.050000012
PRAENG,0.3000002
PRAJIND,2.2999954
PRAKASH,3.3500023
PRAKASHSTL,0.0
PRECAM,0.5
PRECOT,3.25
PRECWIRE,6.899994
PREMEXPLN,4.899994
PREMIER,0.10000014
PREMIERPOL,2.4500008
PRESSMN,1.1499996
PRESTIGE,13.75
PRICOLLTD,3.2000008
PRIMESECU,1.0499992
PRINCEPIPE,7.100006
PRITI,12.0
PROSEED,0.050000012
PROZONINTU,0.54999924
PRSMJOHNSN,1.75
PSB,0.35000038
PSL,0.050000012
PSPPROJECT,21.0
PSUBNKBEES,0.34000015
PTC,1.1500015
PTL,0.70000076
PUNJABCHEM,33.950012
PUNJLLOYD,0.100000024
PURVA,2.75
PUSHPREALM,0.0
PVR,31.0
QGOLDHALF,8.0
QNIFTY,0.0
QUESS,37.0
QUICKHEAL,2.800003
RADAAN,0.0
RADICO,16.300018
RADIOCITY,1.0499992
RAIN,3.7000046
RAJESHEXPO,14.200012
RAJRAYON,0.05
RAJSREESUG,1.9500008
RAJTV,4.0999985
RAJVIR,0.0
RALLIS,20.0
RAMANEWS,1.1999998
RAMASTEEL,4.5
RAMCOCEM,58.349976
RAMCOIND,11.75
RAMCOSYS,13.449997
RAMKY,3.1499996
RAMSARUP,0.0
RANASUG,0.5
RANEENGINE,24.25
RANEHOLDIN,44.049988
RATNAMANI,28.150024
RAYMOND,13.299988
RBL,30.900024
RBLBANK,9.549988
RCF,1.4000015
RCOM,0.100000024
RECLTD,2.949997
RECLTD,4.98999
RECLTD,1.5999756
RECLTD,0.0
RECLTD,0.0
REDINGTON,4.1500015
REFEX,1.4500008
REGENCERAM,0.0
RELAXO,10.700012
RELCAPITAL,0.6999998
RELIANCE,30.349976
RELIGARE,2.5999985
RELINFRA,0.95000076
RENUKA,0.39999962
REPCOHOME,14.25
REPL,2.0
REPRO,14.900024
RESPONIND,2.0
REVATHI,42.5
RGL,28.0
RHFL,0.0
RHFL,30.990005
RHFL,9.949997
RICOAUTO,1.0
RIIL,19.0
RITES,13.950012
RKDL,0.2999997
RKEC,2.0
RKFORGE,13.850006
RMCL,0.5499997
RMDRIP,0.14999962
RML,9.600006
RNAVAL,0.0
ROHITFERRO,0.050000012
ROHLTD,3.8499985
ROLLT,0.049999952
ROLTA,0.19999981
ROSSELLIND,4.100006
RPGLIFE,8.950012
RPOWER,0.0
RPPINFRA,1.5999985
RPPL,0.0
RSSOFTWARE,1.5
RSWM,4.4000015
RSYSTEMS,1.8999939
RTNINFRA,0.10000014
RTNPOWER,0.05000007
RUBYMILLS,6.0
RUCHI,0.0
RUCHINFRA,0.0
RUCHIRA,3.800003
RUPA,7.399994
RUSHIL,4.899994
RVNL,1.9500008
SABTN,0.100000024
SADBHAV,3.9000015
SADBHIN,1.0
SAFARI,8.0
SAGARDEEP,5.800003
SAGCEM,24.900024
SAIL,1.0
SAKAR,4.2000046
SAKHTISUG,0.35000038
SAKSOFT,2.949997
SAKUMA,0.3000002
SALASAR,4.550003
SALONA,4.0999985
SALSTEEL,0.25
SALZERELEC,7.699997
SAMBHAAV,0.14999986
SANCO,1.5
SANDESH,17.0
SANDHAR,11.850006
SANGAMIND,3.4500008
SANGHIIND,0.95000076
SANGHVIFOR,1.1000004
SANGHVIMOV,3.800003
SANGINITA,2.0
SANOFI,57.0
SANWARIA,0.100000024
SARDAEN,17.949997
SAREGAMA,7.25
SARLAPOLY,1.1999989
SARVESHWAR,0.0
SASKEN,29.950012
SASTASUNDR,5.75
SATIA,11.899994
SATIN,3.899994
SBIETFQLTY,2.4899979
SBILIFE,24.150024
SBIN,4.1500244
SBIN,20.09961
SBIN,158.0
SBIN,0.0
SCAPDVR,0.049999997
SCHAEFFLER,139.9502
SCHAND,3.300003
SCHNEIDER,4.199997
SCI,2.25
SDBL,2.8499985
SEAMECLTD,18.950012
SECURCRED,0.0
SELAN,4.800003
SELMCL,0.100000024
SEPOWER,0.4000001
SEQUENT,3.3499985
SERVOTECH,0.5
SESHAPAPER,7.949997
SETCO,0.5
SETF10GILT,4.7100067
SETFGOLD,30.0
SETFNIF50,0.8600006
SETFNIFBK,3.8099976
SETFNN50,2.2000122
SETUINFRA,0.099999964
SEYAIND,5.449997
SEZAL,0.0
SFL,47.0
SGBAUG24,42.80005
SGBAUG27,15.0
SGBDC27VII,99.0
SGBFEB24,59.0
SGBJ28VIII,119.0
SGBJAN26,0.0
SGBJUL25,39.0
SGBMAR24,50.0
SGBMAR25,18.0
SGBMAY25,15.5
SGBMAY26,0.0
SGBNOV23,41.0
SGBNOV24,25.0
SGBNOV25,174.98999
SGBNOV25VI,0.0
SGBNOV26,2.0
SGBOCT25,27.330078
SGBOCT25IV,10.0
SGBOCT26,0.0
SGBOCT27,239.0
SGBOCT27VI,234.0
SGBSEP24,19.0
SGBSEP27,1.0
SGL,0.4500003
SHAHALLOYS,0.5
SHAKTIPUMP,9.099991
SHALBY,19.5
SHALPAINTS,7.9000015
SHANKARA,11.799988
SHANTIGEAR,2.449997
SHARDACROP,19.949997
SHARDAMOTR,16.899963
SHARIABEES,0.54000854
SHEMAROO,5.949997
SHIL,9.300003
SHILPAMED,17.450012
SHIRPUR-G,1.6999989
SHIVAMAUTO,0.95000076
SHIVAMILLS,1.2999992
SHIVATEX,4.9000015
SHK,3.9000015
SHOPERSTOP,12.949982
SHREDIGCEM,1.5
SHREECEM,573.9004
SHREEPUSHK,7.949997
SHREERAMA,0.39999962
SHRENIK,2.7999992
SHREYANIND,2.800003
SHREYAS,6.800003
SHRIPISTON,13.0
SHRIRAMCIT,38.94995
SHRIRAMEPC,0.25
SHUBHLAXMI,2.1500015
SHYAMCENT,0.20000005
SHYAMTEL,0.0
SICAGEN,0.8500004
SICAL,1.0499992
SIEMENS,49.099976
SIGIND,0.45000076
SIL,0.70000076
SILINV,4.149994
SIMBHALS,0.3499999
SIMPLEXINF,0.0
SINTERCOM,0.30000305
SINTEX,0.050000012
SIRCA,11.399994
SIS,23.400024
SITINET,0.049999952
SIYSIL,6.899994
SJVN,0.45000076
SKFINDIA,56.0
SKIL,0.2999997
SKIPPER,1.1500015
SKMEGGPROD,1.2000008
SMARTLINK,1.3999939
SMLISUZU,21.799988
SMPL,0.050000004
SMSLIFE,6.0
SMSPHARMA,2.3500023
SMVD,0.0
SNOWMAN,0.3500023
SOBHA,5.25
SOFTTECH,0.05000305
SOLARA,23.700012
SOLARINDS,62.44995
SOMANYCERA,6.449997
SOMATEX,0.14999986
SOMICONVEY,1.0999994
SONAHISONA,1.8999996
SONAMCLOCK,0.0
SONATSOFTW,7.899994
SORILINFRA,9.549995
SOTL,14.349976
SOUTHBANK,0.19999981
SOUTHWEST,0.6000004
SPAL,4.25
SPANDANA,125.0
SPARC,8.0
SPECIALITY,3.1500015
SPENCERS,3.7000046
SPENTEX,0.049999982
SPIC,0.6499996
SPICEJET,2.050003
SPLIL,1.550003
SPMLINFRA,0.6999998
SPTL,0.100000024
SPYL,0.050000012
SREEL,6.449997
SREIBNPNCD,0.0
SREIBNPNCD,0.0
SREIBNPNCD,0.0
SREIBNPNCD,0.0
SREINFRA,0.39999962
SREINFRA,0.0
SREINFRA,40.0
SREINFRA,1.0100098
SRF,52.850098
SRHHYPOLTD,5.199997
SRIPIPES,14.5
SRTRANSFIN,36.19995
SRTRANSFIN,29.599976
SRTRANSFIN,4.5
SRTRANSFIN,1.0599976
SRTRANSFIN,12.700012
SRTRANSFIN,0.0
SRTRANSFIN,12.900024
SRTRANSFIN,3.9000244
SRTRANSFIN,30.0
SRTRANSFIN,0.0
SRTRANSFIN,0.539917
SRTRANSFIN,0.0
SRTRANSFIN,0.0
SRTRANSFIN,29.799988
SRTRANSFIN,21.20996
SRTRANSFIN,0.0
SRTRANSFIN,22.75
SRTRANSFIN,0.0
SRTRANSFIN,9.950012
SRTRANSFIN,16.950012
SRTRANSFIN,25.450012
SRTRANSFIN,2.0100098
SRTRANSFIN,27.25
SRTRANSFIN,0.0
SRTRANSFIN,0.0
SRTRANSFIN,0.0
SRTRANSFIN,0.0
SRTRANSFIN,1.1500244
SRTRANSFIN,0.0
SSINFRA,0.25
SSWL,24.850037
STAMPEDE,0.099999994
STAN,3.9500008
STAR,13.649994
STARCEMENT,2.2000046
STARPAPER,7.1500015
STCINDIA,2.0999985
STEELCITY,1.2000008
STEELXIND,2.0500011
STEL,2.6500015
STERTOOLS,8.050003
STINDIA,0.4000001
STRTECH,4.400009
SUBCAPCITY,0.0
SUBEX,0.1500001
SUBROS,16.399994
SUDARSCHEM,9.399994
SUJANAUNI,0.1
SUMEETINDS,0.05000007
SUMICHEM,10.050003
SUMIT,1.6999989
SUMMITSEC,21.950012
SUNCLAYLTD,67.6499
SUNDARAM,0.29999995
SUNDARMFIN,37.25
SUNDARMHLD,5.699997
SUNDRMBRAK,13.950012
SUNDRMFAST,12.899994
SUNFLAG,1.6500015
SUNPHARMA,7.299988
SUNTECK,9.649994
SUNTV,10.0
SUPERHOUSE,7.4000015
SUPERSPIN,0.1500001
SUPPETRO,3.5
SUPRAJIT,3.75
SUPREMEENG,4.8999996
SUPREMEIND,23.699951
SUPREMEINF,0.0
SURANASOL,0.6000004
SURANAT&P,0.5500002
SUREVIN,0.0
SURYALAXMI,1.0
SURYAROSNI,5.299988
SUTLEJTEX,1.4000015
SUVEN,0.0
SUZLON,0.099999905
SVLL,0.0
SWANENERGY,5.0
SWARAJENG,74.0
SWELECTES,8.849991
SWSOLAR,5.75
SYMPHONY,22.199951
SYNCOM,0.0
SYNDIBANK,1.1000004
SYNGENE,8.449982
TAINWALCHM,13.649998
TAJGVK,13.0
TAKE,2.5999985
TALBROAUTO,5.399994
TALWALKARS,0.1500001
TALWGYM,0.1500001
TANLA,4.350006
TARMAT,1.7000008
TASTYBITE,144.9502
TATACAPHSG,0.0
TATACAPHSG,0.0
TATACAPHSG,0.099975586
TATACAPHSG,0.0
TATACAPHSG,0.27001953
TATACHEM,20.150024
TATACOFFEE,5.2000046
TATACOMM,19.649994
TATAELXSI,36.900024
TATAGLOBAL,11.049988
TATAINVEST,18.850037
TATAMETALI,12.0
TATAMOTORS,10.349991
TATAMTRDVR,3.4000015
TATAPOWER,1.5999985
TATASTEEL,1.75
TATASTEEL,10.100006
TATASTLBSL,0.6499996
TATASTLLP,11.350006
TBZ,0.94999695
TCFSL,0.0
TCFSL,3.9899902
TCFSL,1.0
TCFSL,0.0
TCFSL,8.0
TCFSL,1.0
TCFSL,0.0
TCI,7.350006
TCIDEVELOP,10.450012
TCIEXP,24.899963
TCIFINANCE,0.34999943
TCNSBRANDS,23.950012
TCPLPACK,4.049988
TCS,36.94995
TDPOWERSYS,3.350006
TEAMLEASE,106.19995
TECHIN,0.0
TECHM,13.650024
TECHNOE,9.950012
TECHNOFAB,1.8500004
TEJASNET,4.5
TERASOFT,1.4500008
TEXINFRA,5.5999985
TEXMOPIPES,0.8499994
TEXRAIL,2.7000008
TFCILTD,4.5
TFL,0.4000001
TGBHOTELS,0.3499999
THANGAMAYL,14.700012
THEINVEST,8.949997
THEJO,0.0
THEMISMED,17.75
THERMAX,17.900024
THIRUSUGAR,0.0
THOMASCOOK,2.5
THOMASCOTT,0.0
THYROCARE,15.0
TI,1.6499996
TIDEWATER,148.0
TIIL,21.700012
TIINDIA,30.100006
TIJARIA,0.5
TIL,9.300003
TIMESGTY,6.4000015
TIMETECHNO,1.4500008
TIMKEN,22.049988
TINPLATE,3.300003
TIPSINDLTD,9.849998
TIRUMALCHM,3.3499985
TIRUPATIFL,0.0
TITAN,26.300049
TMRVL,0.4499998
TNPETRO,1.8500023
TNPL,5.199997
TNTELE,0.0
TOKYOPLAST,2.8499985
TORNTPHARM,49.30005
TORNTPOWER,4.25
TOUCHWOOD,2.449997
TPLPLASTEH,10.299988
TRANSWIND,0.0
TREEHOUSE,0.25
TREJHARA,1.0500002
TRENT,22.0
TRF,4.1500015
TRIDENT,0.25
TRIGYN,2.1499977
TRIL,0.5
TRITURBINE,1.300003
TRIVENI,1.6500015
TTKHLTCARE,53.0
TTKPRESTIG,96.8501
TTL,2.0
TTML,0.1500001
TV18BRDCST,0.69999886
TVSELECT,6.25
TVSMOTOR,9.700012
TVSSRICHAK,45.849976
TVTODAY,4.100006
TVVISION,0.0
TWL,3.25
UBL,27.0
UCALFUEL,6.5
UCOBANK,0.19999981
UFLEX,5.699997
UFO,3.0
UGARSUGAR,0.5
UJAAS,0.19999981
UJJIVAN,10.0
UJJIVANSFB,0.95000076
ULTRACEMCO,94.0
UMANGDAIRY,1.4000015
UMESLTD,0.0
UNICHEMLAB,4.949997
UNIENTER,1.9000015
UNIINFO,1.0500011
UNIONBANK,0.75
UNIPLY,0.8500004
UNITECH,0.0
UNITEDBNK,0.10000038
UNITEDTEA,10.700012
UNITY,0.049999982
UNIVASTU,0.0
UNIVCABLES,8.399994
UPL,8.850037
URAVI,0.1000061
URJA,0.05000007
USHAMART,1.4500008
UTIFEFRGR4,0.0
UTINEXT50,5.049988
UTINIFTETF,54.890015
UTISENSETF,14.97998
UTISXN50,3.600006
UTTAMSTL,0.3499999
UTTAMSUGAR,6.100006
UVSL,0.05
V2RETAIL,7.949997
VADILALIND,17.0
VAIBHAVGBL,25.5
VAISHALI,1.5
VAKRANGEE,3.25
VARDHACRLC,1.1000023
VARDMNPOLY,0.099999905
VARROC,10.650024
VASA,0.05000019
VASCONEQ,1.5
VASWANI,0.25
VBL,56.149963
VCL,3.0
VEDL,3.5
VENKEYS,33.0
VENUSREM,1.0
VERTOZ,0.0
VESUVIUS,23.400024
VETO,3.5
VGUARD,3.699997
VHL,18.949951
VICEROY,0.100000024
VIDEOIND,0.0
VIDHIING,1.949997
VIJIFIN,0.099999994
VIKASECO,0.10000014
VIKASMCORP,0.20000005
VIKASPROP,0.0
VIKASWSP,0.5999999
VIMALOIL,0.20000005
VIMTALABS,3.0499954
VINATIORGA,73.8999
VINDHYATEL,21.5
VINYLINDIA,3.75
VIPCLOTHNG,0.3499999
VIPIND,6.649994
VIPULLTD,1.7000008
VISAKAIND,4.950012
VISASTEEL,0.2999997
VISESHINFO,0.05
VISHAL,0.0
VISHNU,7.199997
VISHWARAJ,3.8499985
VIVIDHA,0.099999994
VIVIMEDLAB,0.5999994
VLSFINANCE,1.7000008
VMART,68.0
VOLTAMP,25.75
VOLTAS,13.800049
VRLLOG,8.700012
VSSL,7.449997
VSTIND,79.8501
VSTTILLERS,33.849976
VTL,37.049988
WABAG,9.850006
WABCOINDIA,112.8999
WALCHANNAG,2.5
WANBURY,0.8500004
WATERBASE,4.299988
WEBELSOLAR,2.0500011
WEIZFOREX,26.0
WEIZMANIND,2.3000011
WELCORP,4.899994
WELENT,2.699997
WELINV,4.850006
WELSPUNIND,1.9500008
WENDT,79.94995
WESTLIFE,11.899994
WHEELS,27.400024
WHIRLPOOL,67.15015
WILLAMAGOR,0.0
WINDMACHIN,1.9499989
WIPL,2.0
WIPRO,4.149994
WOCKPHARMA,14.75
WONDERLA,4.899994
WSI,0.0
WSTCSTPAPR,4.600006
XCHANGING,3.9000015
XELPMOC,11.650002
XPROINDIA,4.8999996
YESBANK,1.3499985
ZEEL,5.5
ZEEL,0.05000019
ZEELEARN,1.2000008
ZEEMEDIA,0.4499998
ZENITHBIR,0.0
ZENITHEXPO,2.1500015
ZENSARTECH,5.949997
ZENTEC,3.8499985
ZICOM,0.100000024
ZODIAC,0.0
ZODIACLOTH,12.5
ZODJRDMKJ,3.4000015
ZOTA,2.5
ZUARI,3.550003
ZUARIGLOB,1.5
ZYDUSWELL,40.0
20MICRONS,1.9000015
21STCENMGM,0.0
3IINFOTECH,0.099999905
3MINDIA,398.8496
3PLAND,0.0
5PAISA,8.300003
63MOONS,4.1500015
732GS2024,0.0
A2ZINFRA,0.25
AAKASH,0.0
AARON,0.0
AARTIDRUGS,18.650024
AARTIIND,51.0
AARVEEDEN,0.39999962
AAVAS,56.0
ABAN,0.8999996
ABB,23.849976
ABBOTINDIA,190.2002
ABCAPITAL,4.199997
ABFRL,5.400009
ABSLBANETF,0.0
ABSLNN50ET,2.3700256
ACC,31.050049
ACCELYA,44.94995
ACCORD,1.2000008
ACCURACY,0.0
ACE,2.2999954
ADANIENT,4.550003
ADANIGAS,5.599991
ADANIGREEN,10.25
ADANIPORTS,6.850006
ADANIPOWER,1.9500008
ADANITRANS,9.850006
ADFFOODS,8.0
ADHUNIKIND,1.7999992
ADLABS,0.25
ADORWELD,10.699982
ADROITINFO,0.3000002
ADSL,1.9500008
ADVANIHOTR,5.1499977
ADVENZYMES,6.599991
AEGISCHEM,4.25
AFFLE,85.0
AGARIND,6.300003
AGCNET,14.449997
AGRITECH,1.8500023
AGROPHOS,0.0
AHLADA,0.0
AHLEAST,7.25
AHLUCONT,9.600006
AHLWEST,29.899994
AIAENG,59.69995
AIONJSW,0.75
AIRAN,0.6000004
AISL,0.049999237
AJANTPHARM,61.700073
AJMERA,6.350006
AJOONI,0.099999905
AKASH,6.0
AKSHARCHEM,31.0
AKSHOPTFBR,0.4499998
AKZOINDIA,79.6001
ALANKIT,1.0
ALBERTDAVD,28.649994
ALBK,0.5999985
ALCHEM,0.099999905
ALEMBICLTD,3.2000008
ALICON,31.75
ALKALI,5.25
ALKEM,37.25
ALKYLAMINE,38.900024
ALLCARGO,4.9000015
ALLSEC,8.600006
ALMONDZ,1.250001
ALOKTEXT,0.14999986
ALPA,2.1500015
ALPHAGEO,17.0
ALPSINDUS,0.100000024
AMARAJABAT,24.75
AMBER,69.400024
AMBIKCO,18.650024
AMBUJACEM,5.5
AMDIND,1.8500004
AMJLAND,3.8999996
AMRUTANJAN,17.949982
ANANTRAJ,1.3500023
ANDHRABANK,0.29999924
ANDHRACEMT,0.099999905
ANDHRSUGAR,11.950012
ANDPAPER,21.799988
ANIKINDS,0.75
ANKITMETAL,0.050000012
ANSALAPI,0.19999981
ANSALHSG,0.25
ANTGRAPHIC,0.049999952
ANUP,18.0
APARINDS,10.950012
APCL,10.299988
APCOTEXIND,6.75
APEX,35.649994
APLAPOLLO,75.50012
APLLTD,21.349976
APOLLO,4.050003
APOLLOHOSP,29.5
APOLLOPIPE,19.450012
APOLLOTYRE,5.399994
APOLSINHOT,21.849976
APTECHT,7.449997
ARCHIDPLY,1.3999996
ARCHIES,0.70000076
ARCOTECH,0.100000024
ARENTERP,0.45000076
ARIES,2.4500046
ARIHANT,1.1499996
ARIHANTSUP,0.95000076
ARMANFIN,47.599976
AROGRANITE,2.1500015
ARROWGREEN,2.0999985
ARROWTEX,0.20000076
ARSHIYA,0.5
ARSSINFRA,0.8500004
ARTEMISMED,0.0
ARVIND,1.4500008
ARVINDFASN,11.450012
ARVSMART,15.050003
ASAHIINDIA,5.649994
ASAHISONG,18.899994
ASAL,1.1000023
ASHAPURMIN,1.3500023
ASHIANA,2.800003
ASHIMASYN,0.3000002
ASHOKA,2.75
ASHOKLEY,2.699997
ASIANHOTNR,5.9000015
ASIANPAINT,22.900024
ASIANTILES,12.75
ASPINWALL,7.449997
ASTEC,17.850006
ASTERDM,4.0
ASTRAL,20.0
ASTRAMICRO,7.25
ASTRAZEN,57.19995
ASTRON,1.0
ATFL,33.950012
ATLANTA,0.3499999
ATLASCYCLE,3.5
ATUL,78.3999
ATULAUTO,8.850006
AUBANK,52.849976
AURIONPRO,1.8499985
AUROPHARMA,43.799988
AUSOMENT,1.5
AUTOAXLES,40.0
AUTOIND,2.4500008
AUTOLITIND,2.75
AVADHSUGAR,11.099976
AVANTIFEED,26.0
AVG,1.0
AVTNPL,2.2000008
AXISBANK,9.100037
AXISCADES,4.949997
AXISGOLD,37.0
AXISNIFTY,11.430054
AYMSYNTEX,1.7000008
BABAFOOD,0.0
BAGFILMS,0.100000024
BAJAJ-AUTO,143.8999
BAJAJCON,3.0
BAJAJELEC,7.700012
BAJAJFINSV,346.6504
BAJAJHIND,0.19999981
BAJAJHLDNG,126.30005
BAJFINANCE,140.1499
BALAJITELE,3.0499992
BALAMINES,46.299988
BALAXI,8.25
BALKRISHNA,1.6000004
BALKRISIND,19.949951
BALLARPUR,0.050000012
BALMLAWRIE,1.5
BALPHARMA,2.75
BALRAMCHIN,7.649994
BANARBEADS,3.7999992
BANARISUG,88.0
BANCOINDIA,2.300003
BANDHANBNK,16.100006
BANG,1.4500008
BANKA,0.0
BANKBARODA,1.550003
BANKBEES,3.600006
BANKINDIA,1.199997
BANSWRAS,8.349998
BARTRONICS,0.049999952
BASF,25.950012
BASML,4.449997
BATAINDIA,35.0
BAYERCROP,48.899902
BBL,23.049988
BBTC,56.549927
BBTCL,0.5
BCG,0.0
BCP,0.70000076
BDL,11.899994
BEARDSELL,0.6999998
BEDMUTHA,0.10000038
BEL,3.149994
BEML,16.799988
BEPL,2.3499985
BERGEPAINT,16.25
BETA,7.750004
BFINVEST,11.799988
BFUTILITIE,12.899994
BGLOBAL,0.05000007
BGRENERGY,1.7000008
BHAGERIA,8.400002
BHAGYANGR,0.8999996
BHAGYAPROP,3.5
BHANDARI,0.100000024
BHARATFORG,16.799988
BHARATGEAR,5.6499977
BHARATRAS,58.0
BHARATWIRE,1.25
BHARTIARTL,12.799988
BHEL,1.4500008
BIGBLOC,0.25
BIL,10.300003
BILENERGY,0.050000012
BINDALAGRO,0.8499994
BIOCON,6.799988
BIOFILCHEM,1.1000004
BIRLACABLE,1.8499985
BIRLACORPN,25.75
BIRLAMONEY,1.25
BKMINDST,0.050000012
BLBLIMITED,0.2999997
BLISSGVS,2.0999908
BLKASHYAP,0.45000076
BLS,2.199997
BLUEBLENDS,0.050000012
BLUEDART,98.0
BLUESTARCO,21.900024
BODALCHEM,1.75
BOHRA,0.0
BOMDYEING,5.550003
BOROSIL,6.350006
BOSCHLTD,545.0
BPCL,19.350006
BPL,1.8500004
BRFL,0.20000005
BRIGADE,7.849991
BRITANNIA,42.25
BRITANNIA,0.3899994
BRNL,5.199997
BROOKS,8.650002
BSE,11.849976
BSELINFRA,0.05000007
BSHSL,2.0999985
BSL,1.75
BSLGOLDETF,110.0
BSLNIFTY,0.69000244
BSOFT,2.7000046
BURNPUR,0.049999952
BUTTERFLY,13.050003
BVCL,0.8500004
BYKE,1.1499996
CADILAHC,8.100006
CALSOFT,1.0
CAMLINFINE,3.0999985
CANBK,4.550003
CANDC,0.0
CANFINHOME,9.700012
CANTABIL,15.899994
CAPACITE,2.5
CAPLIPOINT,9.950012
CAPTRUST,9.5
CARBORUNIV,13.300018
CAREERP,4.7999954
CARERATING,16.400024
CASTEXTECH,0.099999994
CASTROLIND,6.550003
CCHHL,0.20000005
CCL,14.399994
CDSL,6.0500183
CEATLTD,28.799988
CEBBCO,0.6499996
CELEBRITY,0.2999997
CELESTIAL,0.10000014
CENTENKA,8.299988
CENTEXT,0.20000005
CENTRALBK,0.8999996
CENTRUM,3.2999992
CENTUM,13.75
CENTURYPLY,2.800003
CENTURYTEX,15.099976
CERA,64.80005
CEREBRAINT,0.0
CESC,26.150024
CESCVENT,23.200012
CGCL,14.299988
CGPOWER,0.79999924
CHALET,16.0
CHAMBLFERT,11.25
CHEMBOND,20.949997
CHEMFAB,9.550003
CHENNPETRO,6.75
CHOLAFIN,5.5
CHOLAHLDNG,19.25
CHROMATIC,0.099999964
CIGNITITEC,3.5
CIMMCO,1.5
CINELINE,1.5
CINEVISTA,0.3499999
CIPLA,14.649994
CKFSL,0.050000012
CLEDUCATE,3.0
CLNINDIA,17.450012
CMICABLES,1.5499992
CMMIPL,0.0
CNOVAPETRO,0.3499999
COALINDIA,4.850006
COCHINSHIP,16.799988
COFFEEDAY,1.2999992
COLPAL,122.30005
COMPINFO,1.75
COMPUSOFT,0.1500001
CONCOR,16.150024
CONFIPET,0.6500015
CONSOFINVT,5.3499985
CONTI,2.0
CONTROLPR,9.0
CORALFINAC,0.25
CORDSCABLE,3.75
COROMANDEL,28.450012
CORPBANK,1.25
COSMOFILMS,10.899994
COUNCODOS,0.05000007
COX&KINGS,0.049999952
CPSEETF,0.32999992
CREATIVE,8.800003
CREDITACC,55.150024
CREST,12.050003
CRISIL,79.650024
CROMPTON,13.0
CSBBANK,7.25
CTE,1.1000004
CUB,5.100006
CUBEXTUB,2.0
CUMMINSIND,20.850037
CUPID,13.199997
CYBERMEDIA,0.0
CYBERTECH,1.199997
CYIENT,6.200012
DAAWAT,1.7000008
DABUR,24.050018
DALBHARAT,26.0
DALMIASUG,5.1500015
DAMODARIND,1.3999996
DATAMATICS,8.0
DBCORP,3.699997
DBL,7.6999817
DBREALTY,0.8999996
DBSTOCKBRO,0.0
DCAL,5.3499985
DCBBANK,8.149994
DCI,0.0
DCM,2.0499992
DCMNVL,3.3500023
DCMSHRIRAM,12.549988
DCW,0.75
DECCANCE,17.0
DEEPAKFERT,5.5499954
DEEPAKNTR,9.700012
DEEPIND,7.0
DELTACORP,10.5
DELTAMAGNT,1.9000015
DEN,1.6500015
DENORA,9.850006
DEVIT,2.800003
DFMFOODS,19.050018
DGCONTENT,0.4499998
DHAMPURSUG,8.600006
DHANBANK,0.45000076
DHANUKA,32.400024
DHARSUGAR,0.4500003
DHFL,0.29999924
DHFL,5.0
DHFL,10.0
DHFL,12.410004
DHFL,0.0
DHFL,0.0
DHFL,34.0
DHUNINV,7.800003
DIAMONDYD,19.0
DIAPOWER,0.099999964
DICIND,14.800018
DIGISPICE,0.4499998
DIGJAMLTD,0.100000024
DISHTV,1.75
DIVISLAB,39.25
DIXON,428.0
DLF,6.800003
DLINKINDIA,4.449997
DMART,86.19995
DNAMEDIA,0.099999994
DOLAT,3.2000008
DOLLAR,6.800003
DONEAR,1.1499996
DPSCLTD,0.24999952
DPWIRES,4.4000015
DQE,0.0
DREDGECORP,6.5500183
DRREDDY,51.44995
DSSL,0.8500004
DTIL,5.599991
DUCON,0.25
DVL,2.050003
DWARKESH,1.7000008
DYNAMATECH,46.799988
DYNPRO,7.949997
E2E,0.20000076
EASTSILK,0.099999964
EASUNREYRL,0.19999981
EBBETF0423,1.2700195
EBBETF0430,1.6500244
ECLERX,47.400024
ECLFINANCE,9.799988
ECLFINANCE,0.0
ECLFINANCE,0.0
ECLFINANCE,8.950012
ECLFINANCE,0.0
ECLFINANCE,0.0
ECLFINANCE,26.0
ECLFINANCE,8.98999
ECLFINANCE,24.900024
ECLFINANCE,0.0
ECLFINANCE,0.0
ECLFINANCE,0.0
ECLFINANCE,21.0
ECLFINANCE,54.0
ECLFINANCE,16.0
ECLFINANCE,30.0
ECLFINANCE,96.109985
ECLFINANCE,19.900024
ECLFINANCE,0.0
EDELWEISS,6.0999985
EDL,0.29999995
EDUCOMP,0.100000024
EHFLNCD,29.0
EICHERMOT,380.0
EIDPARRY,7.599991
EIFFL,0.34999847
EIHAHOTELS,7.100006
EIHOTEL,5.600006
EIMCOELECO,17.0
EKC,1.2999992
ELECON,1.1500015
ELECTCAST,0.39999962
ELECTHERM,6.0
ELGIEQUIP,6.799988
ELGIRUBCO,1.2999992
EMAMILTD,21.199982
EMAMIPAP,0.0
EMAMIREAL,3.0
EMBASSY,3.8900146
EMCO,0.0
EMKAY,3.2000008
EMMBI,4.25
EMOFSR1RDP,0.26000023
EMOFSR1RGG,0.19999981
ENDURANCE,57.0
ENERGYDEV,0.25
ENGINERSIN,2.2000046
ENIL,12.350006
EON,1.0500002
EQ30,8.0
EQUITAS,3.5999985
ERFLNCDI,0.0
ERFLNCDI,39.900024
ERFLNCDI,0.0
ERFLNCDI,125.0
ERFLNCDI,20.029968
ERFLNCDI,0.0
ERIS,24.0
EROSMEDIA,0.39999962
ESABINDIA,56.5
ESCORTS,77.400024
ESSARSHPNG,0.25
ESSELPACK,5.849991
ESTER,2.2000008
EUROCERA,0.0
EUROMULTI,0.0
EUROTEXIND,0.4499998
EVEREADY,5.4000015
EVERESTIND,13.25
EXCEL,0.100000024
EXCELINDUS,50.200012
EXIDEIND,5.200012
EXPLEOSOL,20.700012
FACT,1.949997
FAIRCHEM,18.950012
FCL,1.3500004
FCONSUMER,1.1499996
FCSSOFT,0.049999997
FDC,5.0
FEDERALBNK,3.7000046
FEL,1.25
FELDVR,1.0
FIEMIND,15.0
FILATEX,2.4500008
FINCABLES,8.950012
FINEORG,93.19995
FINPIPE,7.950012
FLEXITUFF,0.4000001
FLFL,10.149994
FLUOROCHEM,10.200012
FMGOETZE,19.25
FMNL,1.4499989
FOCUS,0.0
FORCEMOT,92.75
FORTIS,2.5999908
FOSECOIND,104.75
FOURTHDIM,0.0
FRETAIL,8.050018
FSC,18.350006
FSL,2.0499992
GABRIEL,3.5999985
GAEL,8.5
GAIL,3.75
GAL,0.1500001
GALAXYSURF,79.0
GALLANTT,1.8999996
GALLISPAT,0.80000114
GAMMNINFRA,0.050000012
GANDHITUBE,3.0
GANECOS,12.549988
GANESHHOUC,2.3499985
GANGESSECU,3.2999992
GANGOTRI,0.049999952
GARDENSILK,0.6999998
GARFIBRES,96.19995
GATI,1.0
GAYAHWS,0.050000012
GAYAPROJ,0.0
GDL,4.0
GEECEE,2.75
GENESYS,5.299999
GENUSPAPER,0.8000002
GENUSPOWER,0.8999996
GEOJITFSL,0.79999924
GEPIL,28.950012
GESHIP,10.650024
GET&D,16.649994
GFLLIMITED,13.899994
GHCL,4.899994
GICHSGFIN,2.5
GICRE,10.649994
GILLANDERS,2.0
GILLETTE,34.450195
GINNIFILA,0.4499998
GIPCL,3.0999985
GKWLIMITED,38.950012
GLAXO,44.399902
GLENMARK,19.300018
GLFL,0.0
GLOBALVECT,3.5499992
GLOBOFFS,0.3000002
GLOBUSSPR,8.300003
GMBREW,14.150024
GMDCLTD,2.0999985
GMMPFAUDLR,84.0
GMRINFRA,0.9000015
GNA,8.350006
GNFC,10.0
GOACARBON,4.899994
GOCLCORP,23.450012
GODFRYPHLP,87.900024
GODHA,0.0
GODREJAGRO,15.849976
GODREJCP,53.200012
GODREJIND,10.900024
GODREJPROP,52.349976
GOENKA,0.050000012
GOKEX,2.75
GOKUL,0.40000057
GOKULAGRO,0.8499994
GOLDBEES,0.27000046
GOLDENTOBC,1.25
GOLDIAM,6.699997
GOLDSHARE,55.850098
GOLDTECH,0.75
GOODLUCK,2.449997
GPIL,7.0
GPPL,3.9000015
GPTINFRA,4.3499985
GRANULES,7.75
GRAPHITE,6.9499817
GRASIM,21.75
GRAVITA,4.1500015
GREAVESCOT,3.199997
GREENLAM,55.44995
GREENPANEL,3.25
GREENPLY,5.649994
GREENPOWER,0.100000024
GRINDWELL,14.900024
GROBTEA,38.75
GRPLTD,118.95001
GRSE,6.100006
GSCLCEMENT,1.2000008
GSFC,3.0
GSKCONS,103.549805
GSPL,14.75
GSS,1.699997
GTL,0.100000024
GTLINFRA,0.049999982
GTNIND,0.6999998
GTPL,1.1500015
GUFICBIO,2.4999962
GUJALKALI,11.75
GUJAPOLLO,5.199997
GUJGASLTD,10.850006
GUJRAFFIA,0.0
GULFOILLUB,7.5
GULFPETRO,3.7999992
GULPOLY,3.9000015
GVKPIL,0.2999997
HAL,53.650024
HARITASEAT,22.799988
HARRMALAYA,3.7000046
HATHWAY,0.6000004
HATSUN,28.950012
HAVELLS,13.25
HAVISHA,0.0
HBLPOWER,0.80000114
HBSL,0.0
HCC,0.54999924
HCG,5.0
HCL-INSYS,0.4499998
HCLTECH,10.199951
HDFC,41.80005
HDFCAMC,46.149902
HDFCBANK,21.75
HDFCLIFE,11.399963
HDFCMFGETF,39.94995
HDFCNIFETF,7.540039
HDFCSENETF,108.0
HDIL,0.1500001
HEG,27.350098
HEIDELBERG,6.899994
HEOF1126RG,0.06000042
HERCULES,4.300003
HERITGFOOD,29.0
HEROMOTOCO,58.0
HESTERBIO,44.900024
HEXATRADEX,1.25
HEXAWARE,12.200012
HFCL,0.20000076
HGINFRA,16.40001
HGS,13.900024
HHOF1140RG,0.34999943
HIKAL,5.2000046
HIL,39.0
HILTON,1.1500006
HIMATSEIDE,4.600006
HINDALCO,5.050003
HINDCOMPOS,8.0
HINDCOPPER,1.5
HINDMOTORS,0.14999962
HINDNATGLS,0.049999237
HINDOILEXP,3.0499954
HINDPETRO,8.75
HINDSYNTEX,0.0
HINDUNILVR,28.550049
HINDZINC,6.25
HIRECT,14.949997
HISARMETAL,7.25
HITECH,3.0
HITECHCORP,1.4000015
HITECHGEAR,14.849991
HLVLTD,0.099999905
HMT,1.0
HMVL,3.25
HNDFDS,37.900024
HNGSNGBEES,15.5
HONAUT,319.3496
HONDAPOWER,45.05005
HOVS,1.6500015
HPIL,1.0
HPL,1.7999992
HSCL,2.300003
HSIL,2.1000023
HTMEDIA,0.49999905
HUBTOWN,0.40000057
HUDCO,1.5499992
HUDCO,0.060058594
HUDCO,0.0
HUDCO,0.0
HUDCO,22.97998
HUDCO,12.849976
HUDCO,23.699951
HUDCO,17.699951
IBMFNIFTY,6.0
IBREALEST,4.449997
IBUCCREDIT,0.2999878
IBUCCREDIT,0.0
IBUCCREDIT,139.20001
IBUCCREDIT,30.0
IBULHSGFIN,13.75
IBULHSGFIN,0.0
IBULHSGFIN,0.0
IBULHSGFIN,35.0
IBULISL,4.8499985
IBVENTURES,3.1500015
IBVENTURES,7.699997
ICEMAKE,0.0
ICFL,23.400024
ICFL,11.0
ICFL,0.0
ICFL,0.0
ICICI500,1.1399994
ICICIB22,0.7200012
ICICIBANK,9.799988
ICICIBANKN,2.5499878
ICICIBANKP,2.0
ICICIGI,32.700073
ICICIGOLD,3.25
ICICILIQ,0.049987793
ICICILOVOL,6.739998
ICICIM150,5.260002
ICICIMCAP,1.1000061
ICICINF100,0.94999695
ICICINIFTY,5.489998
ICICINV20,1.8400002
ICICINXT50,1.5
ICICIPRULI,14.950012
ICICISENSX,2.7099915
ICIL,2.4500008
ICRA,87.3999
IDBI,0.69999695
IDBIGOLD,37.80005
IDEA,0.5999999
IDFC,3.5499992
IDFCFIRSTB,2.7999992
IDFCFIRSTB,22.990234
IDFCFIRSTB,117.88965
IDFCFIRSTB,0.0
IDFCFIRSTB,159.0
IDFCFIRSTB,42.990234
IDFCFIRSTB,39.0
IDFCFIRSTB,0.0
IDFCFIRSTB,38.600098
IDFCFIRSTB,5.0
IDFCFIRSTB,74.990234
IDFNIFTYET,0.0
IEX,8.150009
IFBAGRO,17.149994
IFBIND,26.950012
IFCI,0.14999962
IFCI,4.48999
IFCI,3.0
IFGLEXPOR,3.6500092
IGARASHI,7.649994
IGL,17.699982
IGPL,14.799988
IIFCL,14.0
IIFL,6.0
IIFLFIN,40.0
IIFLFIN,2.5
IIFLFIN,0.0
IIFLFIN,33.0
IIFLFIN,0.0
IIFLFIN,0.0
IIFLFIN,0.0
IIFLSEC,3.6500015
IIFLWAM,69.44995
IIHFL,0.0
IITL,0.0
IL&FSENGG,0.100000024
IL&FSTRANS,0.099999905
IMFA,9.800003
IMPAL,13.150024
IMPEXFERRO,0.050000012
INDBANK,0.5999999
INDHOTEL,2.800003
INDIACEM,3.5499954
INDIAGLYCO,12.450012
INDIAMART,66.8999
INDIANB,1.800003
INDIANCARD,11.300003
INDIANHUME,16.15001
INDIGO,51.94995
INDIGRID,0.40000153
INDLMETER,1.8999996
INDNIPPON,26.0
INDOCO,7.25
INDORAMA,0.19999886
INDOSOLAR,0.050000012
INDOSTAR,13.0
INDOTECH,1.75
INDOTHAI,1.25
INDOWIND,0.19999981
INDRAMEDCO,2.050003
INDSWFTLAB,0.6499996
INDSWFTLTD,0.29999995
INDTERRAIN,3.3499985
INDUSINDBK,32.44995
INEOSSTYRO,25.75
INFIBEAM,2.0
INFOBEAN,5.2999954
INFRABEES,6.3099976
INFRATEL,8.300003
INFY,11.700012
INGERRAND,16.349976
INNOVANA,4.4000015
INNOVATIVE,0.0
INOXLEISUR,11.0
INOXWIND,1.7000008
INSECTICID,24.75
INSPIRISYS,1.9500008
INTEGRA,0.100000024
INTELLECT,4.5
INTENTECH,3.2999992
INVENTURE,0.6999998
IOB,0.40000057
IOC,3.75
IOLCP,7.399994
IPCALAB,53.099976
IRB,7.0499954
IRBINVIT,0.7400017
IRCON,26.25
IRCTC,47.94995
IREDA,0.0
IRFC,0.0
IRFC,2.0
IRFC,0.0
IRFC,59.98999
IRFC,9.0
IRFC,11.98999
IRFC,7.0
IRFC,0.11999512
IRISDOREME,0.0
ISEC,24.700012
ISFT,7.4000015
ISMTLTD,0.20000029
ITC,4.0
ITDC,9.600006
ITDCEM,3.5499992
ITI,2.0999985
IVC,0.1500001
IVP,3.6000023
IVZINGOLD,34.0
IVZINNIFTY,28.0
IZMO,1.4500008
J&KBANK,0.5
JAGRAN,1.800003
JAGSNPHARM,1.0
JAIBALAJI,1.1000004
JAICORPLTD,3.550003
JAIHINDPRO,0.0
JAINSTUDIO,0.0
JAKHARIA,0.0
JALAN,0.0
JAMNAAUTO,1.5999985
JASH,5.899994
JAYAGROGN,5.4000015
JAYBARMARU,9.0
JAYNECOIND,0.25000024
JAYSREETEA,2.0
JBCHEPHARM,7.850006
JBFIND,0.0
JBMA,7.0
JCHAC,75.1001
JETAIRWAYS,0.0
JHS,0.5500002
JIKIND,0.099999994
JINDALPHOT,0.8499994
JINDALPOLY,13.350006
JINDALSAW,3.0499954
JINDALSTEL,9.549988
JINDCOT,0.0
JINDRILL,8.199997
JINDWORLD,2.300003
JISLDVREQS,0.4500003
JISLJALEQS,0.4000001
JITFINFRA,0.8999996
JIYAECO,2.25
JKCEMENT,30.0
JKIL,4.149994
JKLAKSHMI,16.5
JKPAPER,3.699997
JKTYRE,8.5
JMA,2.3999996
JMCPROJECT,2.5499954
JMFINANCIL,4.3499985
JMTAUTOLTD,0.0
JOCIL,7.8499985
JPASSOCIAT,0.099999905
JPINFRATEC,0.100000024
JPPOWER,0.10000014
JSL,2.5
JSLHISAR,3.3499985
JSWENERGY,2.1500015
JSWHL,98.80005
JSWSTEEL,6.850006
JSWSTEEL,0.049999952
JTEKTINDIA,5.9000015
JUBILANT,18.549988
JUBLFOOD,69.94995
JUBLINDS,8.899994
JUMPNET,3.6500015
JUNIORBEES,7.430023
JUSTDIAL,22.900024
JVLAGRO,0.050000012
JYOTHYLAB,5.0
KABRAEXTRU,3.800003
KAJARIACER,7.5
KAKATCEM,21.300003
KALPATPOWR,21.25
KALYANIFRG,7.949997
KAMATHOTEL,2.3499985
KAMDHENU,2.949997
KANANIIND,0.29999995
KANORICHEM,1.0999985
KANSAINER,13.400024
KAPSTON,21.0
KARDA,1.699997
KARMAENG,0.05000019
KARURVYSYA,3.7000008
KAUSHALYA,0.099999994
KAVVERITEL,0.05000007
KAYA,25.799988
KCP,2.7000046
KCPSUGIND,0.75
KDDL,9.800018
KEC,11.5
KECL,1.8000011
KEI,12.799988
KELLTONTEC,2.0
KENNAMET,33.05005
KERNEX,0.95000076
KESORAMIND,1.7000008
KEYFINSERV,0.0
KGL,0.099999994
KHADIM,4.950012
KHAITANLTD,0.79999924
KHFM,0.14999962
KICL,47.0
KILITCH,8.200005
KINGFA,42.950012
KIOCL,4.9000015
KIRIINDUS,18.399994
KIRLFER,2.800003
KIRLOSBROS,6.349991
KIRLOSENG,5.199997
KIRLOSIND,83.45001
KITEX,7.0
KKCL,22.799988
KMSUGAR,0.29999924
KNRCON,12.549988
KOHINOOR,0.6000004
KOKUYOCMLN,4.4000015
KOLTEPATIL,11.299988
KOPRAN,1.4000015
KOTAKBANK,22.800049
KOTAKBKETF,6.399994
KOTAKGOLD,4.799988
KOTAKNIFTY,1.050003
KOTAKNV20,1.1599998
KOTAKPSUBK,2.199997
KOTARISUG,1.3000002
KOTHARIPET,1.1999989
KOTHARIPRO,3.899994
KPITTECH,5.1500015
KPRMILL,21.25
KRBL,17.950012
KREBSBIO,5.25
KRIDHANINF,0.14999986
KSB,28.049988
KSCL,12.649994
KSERASERA,0.050000004
KSK,0.100000024
KSL,12.699997
KTKBANK,1.2000046
KUANTUM,24.899994
KWALITY,0.1500001
L&TFH,4.0999985
L&TFINANCE,62.95996
L&TFINANCE,0.0
L&TFINANCE,0.0
L&TFINANCE,8.700012
L&TFINANCE,11.0
L&TINFRA,41.44995
L&TINFRA,5.0
L&TINFRA,0.0
L&TINFRA,0.0
L&TINFRA,9.949951
LAKSHVILAS,0.75
LALPATHLAB,81.400024
LAMBODHARA,2.2999992
LAOPALA,9.649994
LASA,0.0
LAURUSLABS,30.450012
LAXMIMACH,67.5
LEMONTREE,0.9000015
LFIC,5.800003
LGBBROSLTD,8.450012
LGBFORGE,0.049999952
LIBAS,3.4000015
LIBERTSHOE,3.5
LICHSGFIN,26.75
LICNETFGSC,2.8999996
LICNETFN50,2.4400024
LICNETFSEN,25.799988
LICNFNHGP,3.600006
LINCOLN,10.350006
LINCPEN,15.0
LINDEINDIA,27.200012
LIQUIDBEES,0.76000977
LIQUIDETF,0.020019531
LOKESHMACH,1.2000008
LOTUSEYE,2.3500004
LOVABLE,1.550003
LPDC,0.100000024
LSIL,0.100000024
LT,23.800049
LTI,20.0
LTTS,60.0
LUMAXIND,34.5
LUMAXTECH,3.4500046
LUPIN,20.350037
LUXIND,34.849976
LYKALABS,1.1999989
LYPSAGEMS,0.5
M&M,23.700012
M&MFIN,11.450012
M&MFIN,3.9899902
M&MFIN,5.0
M100,0.6700001
M14RG,0.25
M17RD,0.099999905
M50,1.0699997
MAANALU,1.949997
MACPOWER,3.9500008
MADHAV,3.2999992
MADHUCON,0.1500001
MADRASFERT,2.1499996
MAGADSUGAR,3.4000015
MAGMA,2.6499977
MAGNUM,0.29999995
MAHABANK,0.39999962
MAHAPEXLTD,4.449997
MAHASTEEL,4.449997
MAHESHWARI,28.799988
MAHICKRA,0.9500046
MAHINDCIE,7.399994
MAHLIFE,12.850006
MAHLOG,9.899994
MAHSCOOTER,134.8501
MAHSEAMLES,8.75
MAITHANALL,27.700012
MAJESCO,21.399994
MALUPAPER,1.2999992
MAN50ETF,0.7000046
MANAKALUCO,0.5500002
MANAKCOAT,0.19999981
MANAKSIA,1.0
MANAKSTEEL,0.6999998
MANALIPETC,1.1999989
MANAPPURAM,7.699997
MANGALAM,2.3499985
MANGCHEFER,1.0
MANGLMCEM,10.049988
MANGTIMBER,0.39999962
MANINDS,2.0
MANINFRA,1.1499996
MANUGRAPH,1.3000002
MARALOVER,1.0500011
MARATHON,11.449997
MARICO,14.600006
MARINE,1.5
MARKSANS,1.0999985
MARUTI,68.0
MASFIN,70.54999
MASKINVEST,0.0
MASTEK,13.25
MATRIMONY,14.0
MAWANASUG,1.9000015
MAXINDIA,3.0
MAXVIL,2.0499992
MAYURUNIQ,18.399994
MAZDA,10.5
MBAPL,0.0
MBECL,0.20000029
MBLINFRA,0.19999981
MCDHOLDING,0.6499996
MCDOWELL-N,17.0
MCL,4.1500015
MCLEODRUSS,0.25
MCX,153.54993
MEGASOFT,0.39999962
MEGH,5.299999
MELSTAR,0.0
MENONBE,1.0
MEP,1.6500015
MERCATOR,0.0
METALFORGE,0.3000002
METKORE,0.10000001
METROPOLIS,50.150024
MFSL,16.0
MGEL,0.0
MGL,38.049927
MHRIL,6.25
MIC,0.100000024
MIDHANI,6.899994
MINDACORP,3.5
MINDAIND,15.299988
MINDTECK,1.8500004
MINDTREE,16.400024
MIRCELECTR,0.6500006
MIRZAINT,1.6500015
MITTAL,1.0
MMFL,29.350006
MMP,5.0
MMTC,0.79999924
MODIRUBBER,0.14999962
MOHITIND,0.29999995
MOHOTAIND,0.5
MOIL,6.25
MOKSH,0.0
MOLDTECH,1.9000015
MOLDTKPAC,7.5
MONTECARLO,7.950012
MORARJEE,1.3000002
MOREPENLAB,0.4499998
MOTHERSUMI,5.0
MOTILALOFS,24.200012
MOTOGENFIN,2.0999985
MPHASIS,28.199951
MPSLTD,71.350006
MRF,1099.0
MRPL,2.5499992
MSPL,0.25
MSTCLTD,10.000008
MTEDUCARE,3.0999994
MTNL,0.3000002
MUKANDENGG,0.8500004
MUKANDLTD,1.3500004
MUKANDLTD,0.05000019
MUKTAARTS,1.0
MUNJALAU,1.7999992
MUNJALSHOW,4.399994
MURUDCERA,1.1499996
MUTHOOTCAP,21.900024
MUTHOOTFIN,26.100037
N100,11.909973
NABARD,5.9400635
NACLIND,0.8500004
NAGAFERT,0.2999997
NAGREEKCAP,0.049999714
NAGREEKEXP,0.74999905
NAHARCAP,6.7999954
NAHARINDUS,2.6000004
NAHARPOLY,1.0999985
NAHARSPING,0.5
NAM-INDIA,10.899994
NATCOPHARM,9.0
NATHBIOGEN,14.399994
NATIONALUM,1.4500008
NATNLSTEEL,0.049999952
NAUKRI,95.0
NAVINFLUOR,85.0
NAVKARCORP,0.80000114
NAVNETEDUL,1.5
NBCC,2.75
NBIFIN,0.0
NBVENTURES,6.3499985
NCC,2.9000015
NCLIND,4.4000015
NDGL,10.950012
NDL,2.3999996
NDTV,0.69999886
NECCLTD,0.5
NECLIFE,0.5
NELCAST,2.6500015
NELCO,10.949997
NEOGEN,32.799988
NESCO,33.599976
NESTLEIND,339.5996
NETF,0.5200043
NETFCONSUM,0.4699974
NETFDIVOPP,3.0900002
NETFLTGILT,0.060001373
NETFMID150,0.8500061
NETFNIF100,0.0
NETFNV20,0.8499985
NETWORK18,1.5499992
NEULANDLAB,22.600006
NEWGEN,8.0
NEXTMEDIA,0.7999997
NFL,1.0999985
NH,14.950012
NHAI,5.7800293
NHAI,19.0
NHAI,0.100097656
NHAI,2.5
NHAI,12.97998
NHAI,0.0
NHAI,2.9899902
NHAI,1.9100342
NHBTF2014,45.0
NHPC,1.3500004
NHPC,2.0
NIACL,8.149994
NIBL,0.3000002
NIFTYBEES,1.5
NIFTYEES,0.0
NIITLTD,2.4000015
NIITTECH,102.94995
NILAINFRA,0.25
NILASPACES,0.0
NILKAMAL,51.0
NIPPOBATRY,15.950012
NITCO,0.95000076
NITINFIRE,0.050000012
NITINSPIN,4.4000015
NKIND,1.7999992
NLCINDIA,1.75
NMDC,4.9500046
NOCIL,9.849998
NOIDATOLL,0.29999995
NPBET,1.699997
NRAIL,16.0
NRBBEARING,3.75
NSIL,28.950012
NTL,0.050000012
NTPC,2.75
NTPC,7.550049
NTPC,31.579956
NTPC,0.119999886
NTPC,0.0
NUCLEUS,8.899994
NXTDIGITAL,11.900024
OAL,12.550003
OBEROIRLTY,29.75
OCCL,21.900024
OFSS,96.55005
OIL,3.25
OILCOUNTUB,0.0
OISL,0.099999905
OLECTRA,6.300003
OMAXAUTO,5.6499977
OMAXE,7.75
OMKARCHEM,0.25
OMMETALS,1.2999992
ONELIFECAP,0.5999994
ONEPOINT,1.3999996
ONGC,2.550003
ONMOBILE,0.95000076
ONWARDTEC,1.949997
OPTIEMUS,2.6500015
OPTOCIRCUI,0.099999905
ORBTEXP,2.0
ORICONENT,1.5499992
ORIENTABRA,0.8999996
ORIENTALTL,0.19999981
ORIENTBANK,1.0999985
ORIENTBELL,4.0
ORIENTCEM,3.75
ORIENTELEC,12.849991
ORIENTHOT,0.95000076
ORIENTLTD,1.5
ORIENTPPR,0.79999924
ORIENTREF,11.699997
ORISSAMINE,85.400024
ORTEL,0.100000024
ORTINLABSS,0.40000057
OSWALAGRO,0.5499997
PAEL,0.20000005
PAGEIND,843.9512
PAISALO,23.799988
PALASHSECU,0.6000004
PALREDTEC,0.6500015
PANACEABIO,2.5
PANACHE,4.3499985
PANAMAPET,3.2999992
PAPERPROD,7.299988
PARABDRUGS,0.0
PARACABLES,0.6999998
PARAGMILK,7.399994
PARSVNATH,0.10000014
PASHUPATI,21.75
PATELENG,1.8999996
PATINTLOG,1.4500008
PATSPINLTD,0.05000019
PCJEWELLER,0.6499996
PDMJEPAPER,0.6999998
PDPL,0.049999952
PDSMFL,12.0
PEARLPOLY,0.5500002
PEL,150.30005
PENIND,0.39999962
PENINLAND,0.3000002
PERSISTENT,26.850037
PETRONENGG,0.4000001
PETRONET,7.75
PFC,3.75
PFC,0.0
PFC,0.0
PFC,0.0
PFC,3.5
PFIZER,145.5
PFOCUS,5.9000015
PFS,0.75
PGEL,3.7000046
PGHH,505.5996
PGHL,120.0
PGIL,7.550003
PHILIPCARB,7.049988
PHOENIXLTD,28.799988
PIDILITIND,50.0
PIIND,43.799927
PILANIINVS,27.949951
PILITA,0.3000002
PIONDIST,4.199997
PIONEEREMB,1.3500004
PITTIENG,0.79999924
PKTEA,11.300003
PLASTIBLEN,5.549988
PNB,1.5999985
PNBGILTS,0.45000076
PNBHOUSING,14.549988
PNC,0.6000004
PNCINFRA,3.449997
PODDARHOUS,6.049988
PODDARMENT,8.0
POKARNA,3.1500015
POLYCAB,23.850037
POLYMED,14.799988
POLYPLEX,22.5
PONNIERODE,10.800003
POWERGRID,3.850006
POWERMECH,23.650024
PPAP,15.549988
PPL,5.25
PRABHAT,1.5
PRADIP,0.100000024
PRAENG,0.3499999
PRAJIND,3.8499985
PRAKASH,3.4000015
PRECAM,1.4000015
PRECOT,3.3500004
PRECWIRE,9.5
PREMEXPLN,3.399994
PREMIERPOL,0.25
PRESSMN,3.8500004
PRESTIGE,9.899994
PRICOLLTD,1.9000015
PRIMESECU,2.4000015
PRINCEPIPE,6.899994
PROSEED,0.0
PROZONINTU,0.6000004
PRSMJOHNSN,2.1500015
PSB,0.70000076
PSL,0.0
PSPPROJECT,11.799988
PSUBNKBEES,0.3900013
PTC,1.4000015
PTL,0.5
PULZ,0.099998474
PUNJABCHEM,24.299988
PUNJLLOYD,0.100000024
PURVA,2.2000046
PUSHPREALM,0.0
PVR,53.0
QGOLDHALF,17.800049
QUESS,41.950012
QUICKHEAL,4.1500015
RADAAN,0.100000024
RADICO,29.700012
RADIOCITY,1.3999996
RAIN,4.9000015
RAJESHEXPO,11.0
RAJRAYON,0.05
RAJSREESUG,1.3000011
RAJTV,2.6499977
RALLIS,5.650009
RAMANEWS,1.1999998
RAMASTEEL,3.7999992
RAMCOCEM,26.0
RAMCOIND,10.550003
RAMCOSYS,11.399994
RAMKY,1.1999989
RANASUG,0.4000001
RANEENGINE,10.0
RANEHOLDIN,50.900024
RATNAMANI,28.650024
RAYMOND,14.049988
RBL,13.350037
RBLBANK,16.0
RCF,1.4500008
RCOM,0.050000012
RECLTD,3.1500092
RECLTD,0.0
RECLTD,0.0
RECLTD,0.0
RECLTD,7.0
REDINGTON,6.4000015
REFEX,2.0499992
REGENCERAM,0.0
RELAXO,15.0
RELCAPITAL,0.6499996
RELIABLE,0.0
RELIANCE,39.69995
RELIGARE,2.8499985
RELINFRA,2.1000004
REMSONSIND,5.5499954
RENUKA,0.25
REPCOHOME,10.549988
REPL,1.9000015
REPRO,29.349976
RESPONIND,2.0999985
REVATHI,41.950012
RGL,18.0
RHFL,0.0
RHFL,0.0
RHFL,0.0
RHFL,0.0
RICOAUTO,1.5
RIIL,12.600006
RITES,13.899994
RKDL,0.25
RKFORGE,19.0
RMCL,0.5
RML,16.0
RNAVAL,0.0
ROHITFERRO,0.099999994
ROHLTD,4.8499985
ROLLT,0.049999952
ROLTA,0.1500001
ROSSELLIND,0.0
RPGLIFE,8.949982
RPOWER,0.0
RPPINFRA,2.25
RSSOFTWARE,1.2000008
RSWM,9.099998
RSYSTEMS,1.5
RTNINFRA,0.10000014
RTNPOWER,0.05000007
RUBYMILLS,19.699997
RUCHI,0.0
RUCHINFRA,0.0
RUCHIRA,2.75
RUPA,12.399994
RUSHIL,4.550003
RVNL,2.0
SABTN,0.100000024
SADBHAV,6.699997
SADBHIN,3.7999992
SAFARI,11.75
SAGARDEEP,3.6500015
SAGCEM,14.650024
SAIL,1.1500015
SAKAR,5.0
SAKHTISUG,0.6999998
SAKSOFT,9.050003
SAKUMA,0.3499999
SALASAR,3.5
SALONA,2.5
SALSTEEL,0.29999995
SALZERELEC,4.6500015
SAMBHAAV,0.10000014
SANCO,1.0
SANDESH,9.950012
SANDHAR,11.0
SANGAMIND,2.75
SANGHIIND,1.3500023
SANGHVIFOR,1.0
SANGHVIMOV,5.9000015
SANGINITA,1.0
SANOFI,112.450195
SANWARIA,0.100000024
SARDAEN,8.800003
SAREGAMA,14.100006
SARLAPOLY,1.3500004
SARVESHWAR,0.20000076
SASKEN,30.200012
SASTASUNDR,3.6500015
SATIA,8.800003
SATIN,13.400009
SBIETFQLTY,2.8099976
SBILIFE,27.700012
SBIN,11.100006
SBIN,99.0
SBIN,69.0
SBIN,0.0
SCAPDVR,0.049999997
SCHAEFFLER,88.6499
SCHAND,4.25
SCHNEIDER,3.2000046
SCI,1.5999985
SDBL,5.550003
SEAMECLTD,19.799988
SECURCRED,0.0
SELAN,4.699997
SELMCL,0.050000012
SEPOWER,0.20000005
SEQUENT,7.5999985
SERVOTECH,0.0
SESHAPAPER,4.199997
SETCO,0.95000076
SETF10GILT,13.599991
SETFGOLD,44.05005
SETFNIF50,0.8199997
SETFNIFBK,3.0
SETFNN50,6.880005
SETUINFRA,0.049999952
SEYAIND,6.449997
SEZAL,0.0
SFL,49.400024
SGBAUG24,48.899902
SGBAUG27,5.5
SGBDC27VII,5.0
SGBFEB24,90.0
SGBFEB27,22.0
SGBJ28VIII,0.100097656
SGBJAN26,0.0
SGBJAN27,35.0
SGBJUL25,26.0
SGBJUN27,0.0
SGBMAR24,0.0
SGBMAR25,26.0
SGBMAY25,23.51001
SGBNOV23,59.0
SGBNOV24,25.0
SGBNOV25,0.0
SGBNOV258,0.0
SGBNOV26,0.0
SGBOCT25,23.0
SGBOCT25IV,44.98999
SGBOCT25V,0.0
SGBOCT26,0.0
SGBOCT27,25.0
SGBOCT27VI,10.0
SGBSEP24,34.899902
SGL,0.35000038
SHAHALLOYS,0.34999943
SHAKTIPUMP,9.200012
SHALBY,6.6500015
SHALPAINTS,6.3499985
SHANKARA,13.0
SHANTIGEAR,3.0999985
SHARDACROP,16.149994
SHARDAMOTR,26.200012
SHARIABEES,0.5
SHEMAROO,10.550003
SHIL,11.900009
SHILPAMED,11.399994
SHIRPUR-G,0.0
SHIVAMAUTO,1.3500004
SHIVAMILLS,0.70000076
SHIVATEX,6.2000046
SHK,3.449997
SHOPERSTOP,8.899994
SHREDIGCEM,1.6000004
SHREECEM,369.80078
SHREEPUSHK,5.699997
SHREERAMA,0.3499999
SHRENIK,1.7999992
SHREYANIND,4.7999954
SHREYAS,6.6500015
SHRIPISTON,4.0
SHRIRAMCIT,38.80005
SHRIRAMEPC,0.25
SHUBHLAXMI,0.75
SHYAMCENT,0.3000002
SICAGEN,1.7000008
SICAL,0.0
SIEMENS,30.900024
SIGIND,0.80000114
SIL,0.8000002
SILINV,7.199997
SIMBHALS,0.3499999
SIMPLEXINF,0.0
SINTERCOM,0.5
SINTEX,0.050000012
SIRCA,11.899994
SIS,24.700012
SITINET,0.099999905
SIYSIL,8.200012
SJVN,0.54999924
SKFINDIA,67.0
SKIL,0.0
SKIPPER,1.8499985
SKMEGGPROD,1.6500015
SKSTEXTILE,1.25
SMARTLINK,8.650002
SMLISUZU,13.849976
SMPL,0.1
SMSLIFE,13.350006
SMSPHARMA,2.1500015
SNOWMAN,0.45000076
SOBHA,11.450012
SOLARA,16.0
SOLARINDS,22.0
SOMANYCERA,6.650009
SOMATEX,0.049999952
SOMICONVEY,0.8500004
SONATSOFTW,9.199982
SORILINFRA,7.199997
SOTL,23.950012
SOUTHBANK,0.34999943
SOUTHWEST,2.6000004
SPAL,6.75
SPANDANA,24.049988
SPARC,10.399994
SPCENET,0.049999952
SPECIALITY,3.75
SPENCERS,6.75
SPENTEX,0.099999994
SPIC,1.4500008
SPICEJET,3.399994
SPLIL,3.4000015
SPMLINFRA,0.8500004
SPTL,0.100000024
SPYL,0.050000012
SREEL,4.399994
SREIBNPNCD,94.900024
SREIBNPNCD,49.919983
SREIBNPNCD,36.0
SREIBNPNCD,0.099975586
SREINFRA,1.0
SREINFRA,19.0
SREINFRA,82.0
SREINFRA,0.0
SREINFRA,27.200012
SRF,82.25
SRHHYPOLTD,9.400002
SRIPIPES,9.050003
SRTRANSFIN,78.29993
SRTRANSFIN,0.0
SRTRANSFIN,0.0
SRTRANSFIN,0.0
SRTRANSFIN,12.950012
SRTRANSFIN,0.0
SRTRANSFIN,1.0
SRTRANSFIN,8.0
SRTRANSFIN,29.0
SRTRANSFIN,0.0
SRTRANSFIN,21.0
SRTRANSFIN,0.049987793
SRTRANSFIN,13.700012
SRTRANSFIN,0.0
SRTRANSFIN,0.0
SRTRANSFIN,70.349976
SRTRANSFIN,0.0
SRTRANSFIN,0.0
SRTRANSFIN,0.0
SRTRANSFIN,0.0
SRTRANSFIN,41.29004
SRTRANSFIN,0.0
SRTRANSFIN,0.9500122
SRTRANSFIN,0.0
SRTRANSFIN,0.0
SRTRANSFIN,0.0
SRTRANSFIN,7.7000732
SSINFRA,0.0
SSWL,12.900024
STAMPEDE,0.049999982
STAN,2.6500015
STAR,37.0
STARCEMENT,2.699997
STARPAPER,4.649994
STCINDIA,1.9500008
STEELCITY,1.4500008
STEELXIND,0.35000038
STEL,2.4000015
STERTOOLS,9.149994
STINDIA,0.20000029
STRTECH,4.9000015
SUBCAPCITY,0.0
SUBEX,0.20000029
SUBROS,7.0
SUDARSCHEM,27.899994
SUJANAUNI,0.1
SUMEETINDS,0.100000024
SUMICHEM,5.25
SUMIT,0.19999886
SUMMITSEC,14.149994
SUNCLAYLTD,65.0
SUNDARAM,0.14999998
SUNDARMFIN,32.94995
SUNDARMHLD,2.0
SUNDRMBRAK,28.100006
SUNDRMFAST,20.399994
SUNFLAG,0.8500023
SUNPHARMA,13.450012
SUNTECK,7.450012
SUNTV,10.950012
SUPERHOUSE,4.25
SUPERSPIN,0.29999995
SUPPETRO,6.0
SUPRAJIT,6.75
SUPREMEENG,0.75
SUPREMEIND,42.75
SUPREMEINF,2.2000008
SURANASOL,0.5500002
SURANAT&P,0.29999995
SURANI,0.0
SURYALAXMI,1.6500015
SURYAROSNI,4.649994
SUTLEJTEX,1.0999985
SUVEN,0.0
SUZLON,0.099999905
SVLL,0.0
SWANENERGY,7.550003
SWARAJENG,48.400024
SWELECTES,5.75
SWSOLAR,8.75
SYMPHONY,41.299927
SYNCOM,0.0
SYNDIBANK,0.6499996
SYNGENE,6.3499756
TAINWALCHM,9.5
TAJGVK,5.300003
TAKE,4.949997
TALBROAUTO,7.25
TALWALKARS,0.1500001
TALWGYM,0.20000005
TANLA,3.6500015
TANTIACONS,0.100000024
TARMAT,2.1000004
TASTYBITE,535.0
TATACAPHSG,1.0
TATACAPHSG,1.1900024
TATACAPHSG,0.2999878
TATACAPHSG,0.0
TATACHEM,9.700012
TATACOFFEE,4.949997
TATACOMM,23.5
TATAELXSI,27.0
TATAGLOBAL,5.649994
TATAINVEST,55.799988
TATAMETALI,21.650024
TATAMOTORS,8.300003
TATAMTRDVR,3.75
TATAPOWER,2.5499992
TATASTEEL,3.25
TATASTEEL,13.050018
TATASTLBSL,0.8999996
TATASTLLP,21.0
TBZ,1.3499985
TCFSL,0.0
TCFSL,2.5
TCFSL,2.9499512
TCFSL,10.200073
TCFSL,0.0
TCFSL,8.48999
TCI,20.350006
TCIDEVELOP,23.549988
TCIEXP,38.799988
TCIFINANCE,0.34999943
TCNSBRANDS,25.0
TCPLPACK,11.049988
TCS,40.0
TDPOWERSYS,3.600006
TEAMLEASE,53.19995
TECHM,23.950012
TECHNOE,11.600006
TECHNOFAB,2.0499992
TEJASNET,4.5
TERASOFT,2.4500008
TEXINFRA,3.75
TEXMOPIPES,0.6499996
TEXRAIL,5.050003
TFCILTD,2.800003
TFL,0.0
TGBHOTELS,0.19999981
THANGAMAYL,16.100006
THEINVEST,6.949997
THEJO,10.0
THEMISMED,12.75
THERMAX,40.899902
THIRUSUGAR,0.0
THOMASCOOK,2.25
THYROCARE,23.849976
TI,1.3999996
TIDEWATER,60.450195
TIIL,26.850006
TIINDIA,24.0
TIJARIA,0.5999999
TIL,5.0
TIMESGTY,5.799999
TIMETECHNO,2.75
TIMKEN,45.900024
TINPLATE,4.75
TIPSINDLTD,7.0
TIRUMALCHM,4.6500015
TIRUPATIFL,0.0
TITAN,15.300049
TMRVL,0.5500002
TNPETRO,1.9000015
TNPL,7.5
TNTELE,0.0
TOKYOPLAST,3.75
TORNTPHARM,33.44995
TORNTPOWER,11.200012
TOTAL,0.0
TOUCHWOOD,3.4500046
TPLPLASTEH,11.299995
TRANSWIND,0.0
TREEHOUSE,0.4000001
TREJHARA,0.8500004
TRENT,16.100037
TRF,7.699997
TRIDENT,0.5999999
TRIGYN,5.549999
TRIL,0.9499998
TRITURBINE,1.5999985
TRIVENI,3.5
TTKHLTCARE,34.950012
TTKPRESTIG,292.0
TTL,4.450001
TTML,0.10000014
TV18BRDCST,0.80000114
TVSELECT,4.449997
TVSMOTOR,12.199982
TVSSRICHAK,59.75
TVTODAY,4.5
TVVISION,0.0
TWL,2.4000015
UBL,29.900024
UCALFUEL,6.850006
UCOBANK,0.35000038
UFLEX,7.100006
UFO,3.0
UGARSUGAR,0.4499998
UJAAS,0.0
UJJIVAN,7.8000183
UJJIVANSFB,2.1500015
ULTRACEMCO,124.3501
UMANGDAIRY,3.4500008
UMESLTD,0.0
UNICHEMLAB,5.600006
UNIENTER,4.75
UNIINFO,0.6499996
UNIONBANK,1.2999992
UNIPLY,0.6500006
UNITECH,0.0
UNITEDBNK,0.35000038
UNITEDTEA,7.049988
UNITY,0.0
UNIVCABLES,8.25
UPL,12.25
URAVI,0.8499985
URJA,0.05000007
USHAMART,0.6000004
UTIFEFRGR4,0.0
UTINEXT50,3.0
UTINIFTETF,13.290039
UTISENSETF,15.299988
UTISXN50,12.0
UTTAMSTL,0.4000001
UTTAMSUGAR,5.699997
UVSL,0.05
V2RETAIL,5.5
VADILALIND,22.25
VAIBHAVGBL,102.70001
VAISHALI,2.5999985
VAKRANGEE,2.8999977
VARDHACRLC,0.6500015
VARDMNPOLY,0.049999952
VARROC,20.450012
VASA,0.0
VASCONEQ,1.0999985
VASWANI,0.099999905
VBL,69.0
VCL,0.0
VEDL,3.5999908
VENKEYS,61.0
VENUSREM,0.94999886
VESUVIUS,28.949951
VETO,2.3499985
VGUARD,11.0
VHL,33.0
VICEROY,0.100000024
VIDEOIND,0.0
VIDHIING,2.699997
VIJIFIN,0.050000012
VIKASECO,0.1500001
VIKASMCORP,0.1500001
VIKASPROP,0.0
VIKASWSP,0.75
VIMALOIL,0.25
VIMTALABS,7.7000046
VINATIORGA,55.05005
VINDHYATEL,37.799988
VINYLINDIA,1.550003
VIPCLOTHNG,0.0
VIPIND,18.899994
VIPULLTD,1.0
VISAKAIND,9.399994
VISASTEEL,0.3000002
VISESHINFO,0.05
VISHAL,9.699997
VISHNU,3.800003
VISHWARAJ,3.149994
VIVIDHA,0.099999994
VIVIMEDLAB,0.6999998
VLSFINANCE,1.9000015
VMART,49.900024
VOLTAMP,45.25
VOLTAS,16.449951
VRLLOG,12.0
VSSL,7.7999954
VSTIND,124.0
VSTTILLERS,52.94995
VTL,59.950012
WABAG,6.5
WABCOINDIA,95.3999
WALCHANNAG,2.8499985
WANBURY,0.8999996
WATERBASE,6.5
WEBELSOLAR,1.3500004
WEIZFOREX,16.600006
WEIZMANIND,2.2000008
WELCORP,9.150009
WELENT,3.75
WELINV,4.0
WELSPUNIND,2.7999992
WENDT,136.0
WESTLIFE,19.899994
WHEELS,30.650024
WHIRLPOOL,47.19995
WILLAMAGOR,0.0
WINDMACHIN,1.3000011
WIPL,1.0999985
WIPRO,7.400009
WOCKPHARMA,15.149994
WONDERLA,4.949997
WSI,0.049999952
WSTCSTPAPR,5.199997
XCHANGING,2.3499985
XELPMOC,3.699997
XPROINDIA,4.25
YESBANK,2.2999992
ZEEL,8.5
ZEEL,0.05000019
ZEELEARN,1.25
ZEEMEDIA,0.2999997
ZENITHBIR,0.050000012
ZENITHEXPO,4.5
ZENSARTECH,3.1500092
ZENTEC,2.2000008
ZICOM,0.049999952
ZODIACLOTH,5.300003
ZODJRDMKJ,2.5500011
ZOTA,1.8999939
ZUARI,6.050003
ZUARIGLOB,3.75
ZYDUSWELL,50.0
20MICRONS,1.1499977
21STCENMGM,0.0
3IINFOTECH,0.099999905
3MINDIA,2251.9004
3PLAND,0.7000003
5PAISA,8.350006
63MOONS,4.699997
769GS2043,0.0
824GS2027,0.0
A2ZINFRA,1.0999999
AARON,5.0999985
AARTIDRUGS,18.0
AARTIIND,48.0
AARVEEDEN,1.0999994
AARVI,0.0
AAVAS,54.0
ABAN,0.95000076
ABB,54.0
ABBOTINDIA,159.90039
ABCAPITAL,4.5
ABFRL,7.599991
ABINFRA,0.0
ABSLBANETF,20.299988
ABSLFTSLRG,0.0
ABSLNN50ET,4.4000244
ABSLRIF6RG,0.0
ACC,52.0
ACCELYA,33.0
ACCURACY,0.049999237
ACE,1.9000015
ADANIENT,7.400009
ADANIGAS,5.300003
ADANIGREEN,12.599991
ADANIPORTS,13.299988
ADANIPOWER,2.7000008
ADANITRANS,15.549988
ADFFOODS,7.0500183
ADHUNIKIND,2.75
ADLABS,0.25000024
ADORWELD,6.399994
ADROITINFO,0.6000004
ADSL,2.1500015
ADVANIHOTR,6.800003
ADVENZYMES,5.0
AEGISCHEM,6.399994
AFFLE,69.900024
AGARIND,3.5
AGCNET,22.949997
AGRITECH,1.6499977
AGROPHOS,0.0
AHLADA,4.299999
AHLEAST,5.0
AHLUCONT,19.899994
AHLWEST,12.700012
AIAENG,82.75
AIONJSW,0.8000002
AIRAN,1.1499996
AJANTPHARM,34.0
AJMERA,5.0
AKASH,7.8499985
AKSHARCHEM,16.050003
AKSHOPTFBR,0.35000038
AKZOINDIA,61.650024
ALANKIT,0.95000076
ALBERTDAVD,27.899994
ALBK,0.95000076
ALCHEM,0.100000024
ALEMBICLTD,5.25
ALICON,13.700012
ALKALI,3.3499985
ALKEM,119.25
ALKYLAMINE,33.69995
ALLCARGO,4.0
ALLSEC,17.899994
ALMONDZ,0.8500004
ALPA,2.0500011
ALPHAGEO,11.699997
ALPSINDUS,0.099999905
AMARAJABAT,27.5
AMBER,135.0
AMBIKCO,11.650024
AMBUJACEM,8.25
AMDIND,1.5499992
AMJLAND,3.3500004
AMRUTANJAN,12.0
ANANTRAJ,2.0
ANDHRABANK,1.0500011
ANDHRACEMT,0.099999905
ANDHRSUGAR,10.600006
ANDPAPER,12.600006
ANIKINDS,0.5500002
ANKITMETAL,0.099999994
ANSALAPI,0.3499999
ANSALHSG,0.25
ANTGRAPHIC,0.049999952
ANUP,27.799988
APARINDS,12.75
APCL,11.0
APCOTEXIND,8.25
APEX,30.0
APLAPOLLO,78.69995
APLLTD,16.450012
APOLLO,5.0
APOLLOHOSP,42.80005
APOLLOPIPE,15.0
APOLLOTYRE,6.800003
APOLSINHOT,15.0
APTECHT,5.5
ARCHIDPLY,2.4500008
ARCHIES,0.45000076
ARCOTECH,0.100000024
ARENTERP,0.0
ARIES,2.199997
ARIHANT,1.0
ARIHANTSUP,1.3500004
ARMANFIN,20.0
AROGRANITE,2.3500023
ARROWGREEN,2.4000015
ARROWTEX,0.4499998
ARSHIYA,0.39999962
ARSSINFRA,1.1000004
ARTEMISMED,9.950012
ARVIND,2.1500015
ARVINDFASN,10.0
ARVSMART,5.800003
ASAHIINDIA,12.799988
ASAHISONG,9.899994
ASAL,1.2499981
ASCOM,0.0
ASHAPURMIN,1.9500008
ASHIANA,3.949997
ASHIMASYN,0.75
ASHOKA,3.4000015
ASHOKLEY,2.4000015
ASIANHOTNR,3.0
ASIANPAINT,35.30005
ASIANTILES,6.149994
ASPINWALL,9.899994
ASTEC,32.100006
ASTERDM,5.800003
ASTRAL,50.0
ASTRAMICRO,4.1500015
ASTRAZEN,119.0
ASTRON,1.800003
ATFL,39.950012
ATLANTA,0.3000002
ATLASCYCLE,2.75
ATUL,101.1499
ATULAUTO,9.25
AUBANK,33.900024
AURIONPRO,1.25
AUROPHARMA,9.899994
AUSOMENT,3.7000008
AUTOAXLES,44.950012
AUTOIND,0.8999996
AUTOLITIND,1.2999992
AVADHSUGAR,9.399994
AVANTIFEED,25.950012
AVG,2.25
AVTNPL,2.0499992
AXISBANK,12.049988
AXISCADES,3.7000008
AXISGOLD,48.0
AXISNIFTY,19.650024
AYMSYNTEX,2.8500023
BAGFILMS,0.100000024
BAJAJ-AUTO,89.94995
BAJAJCON,9.25
BAJAJELEC,10.899994
BAJAJFINSV,298.0
BAJAJHIND,0.25
BAJAJHLDNG,150.0
BAJFINANCE,86.30029
BALAJITELE,2.5499992
BALAMINES,46.899994
BALAXI,12.849998
BALKRISHNA,1.5499992
BALKRISIND,35.25
BALLARPUR,0.099999964
BALMLAWRIE,2.6500015
BALPHARMA,2.0
BALRAMCHIN,6.099991
BANARBEADS,3.5
BANARISUG,67.69995
BANCOINDIA,2.949997
BANDHANBNK,13.75
BANG,2.5500011
BANKBARODA,1.699997
BANKBEES,3.850006
BANKINDIA,3.7999954
BANSWRAS,7.449997
BARTRONICS,0.049999952
BASF,16.0
BASML,1.949997
BATAINDIA,45.150024
BAYERCROP,47.5
BBL,39.700012
BBTC,33.849976
BCG,0.0
BCONCEPTS,0.0
BCP,2.0
BDL,13.25
BEARDSELL,0.6499996
BEDMUTHA,0.14999962
BEL,9.099998
BEML,23.849976
BEPL,2.4000015
BERGEPAINT,17.0
BETA,1.3499985
BFINVEST,5.799988
BFUTILITIE,10.700012
BGLOBAL,0.100000024
BGRENERGY,1.800003
BHAGERIA,4.0
BHAGYANGR,2.0
BHAGYAPROP,0.45000076
BHANDARI,0.100000024
BHARATFORG,15.75
BHARATGEAR,4.3499985
BHARATRAS,88.299805
BHARATWIRE,1.1499996
BHARTIARTL,12.399994
BHEL,2.5499992
BIGBLOC,0.5
BIL,6.899994
BILENERGY,0.099999964
BINDALAGRO,1.0500002
BIOCON,8.100006
BIOFILCHEM,0.39999962
BIRLACABLE,2.6500015
BIRLACORPN,52.099976
BIRLAMONEY,1.5999985
BKMINDST,0.050000012
BLBLIMITED,0.3499999
BLISSGVS,5.349991
BLKASHYAP,0.15000057
BLS,1.9500046
BLUEBLENDS,0.0
BLUEDART,137.30005
BLUESTARCO,27.900024
BODALCHEM,1.800003
BOMDYEING,5.7999954
BOROSIL,6.899994
BOSCHLTD,510.0
BPCL,16.550018
BPL,1.0
BRFL,0.1500001
BRIGADE,19.449997
BRITANNIA,87.75
BRITANNIA,0.38000107
BRNL,2.449997
BROOKS,3.0499992
BSE,8.400024
BSHSL,0.5
BSL,1.0499992
BSLGOLDETF,88.0
BSLNIFTY,0.9700012
BSOFT,15.550003
BURNPUR,0.100000024
BUTTERFLY,32.399994
BYKE,1.3999996
CADILAHC,9.0
CALSOFT,0.75
CAMLINFINE,4.2999954
CANBK,4.950012
CANDC,0.20000005
CANFINHOME,11.649994
CANTABIL,11.600006
CAPACITE,4.25
CAPLIPOINT,11.75
CAPTRUST,6.599991
CARBORUNIV,9.700012
CAREERP,5.75
CARERATING,12.0
CASTEXTECH,0.099999994
CASTROLIND,5.649994
CCHHL,0.20000005
CCL,10.299988
CDSL,7.700012
CEATLTD,23.0
CEBBCO,0.8000002
CELEBRITY,0.3499999
CELESTIAL,0.20000005
CENTENKA,5.5
CENTEXT,0.14999986
CENTRALBK,1.7999992
CENTRUM,2.6000004
CENTUM,19.599976
CENTURYPLY,3.75
CENTURYTEX,43.600037
CERA,49.899902
CEREBRAINT,0.0
CESC,17.400024
CESCVENT,18.850006
CGCL,6.850006
CGPOWER,0.5
CHALET,9.950012
CHAMBLFERT,6.800003
CHEMBOND,15.449997
CHEMFAB,11.899994
CHENNPETRO,8.600006
CHOLAFIN,10.049988
CHOLAHLDNG,7.949951
CHROMATIC,0.0
CIGNITITEC,9.899994
CIMMCO,3.0
CINELINE,1.7999992
CINEVISTA,0.6500001
CIPLA,11.850006
CKFSL,0.050000012
CLEDUCATE,2.4000015
CLNINDIA,12.900024
CMICABLES,2.0499992
CMMIPL,0.0
CNOVAPETRO,0.0
COALINDIA,9.449997
COCHINSHIP,16.75
COFFEEDAY,3.1499977
COLPAL,70.55005
COMPINFO,1.1999998
COMPUSOFT,0.35000038
CONCOR,15.75
CONFIPET,1.0
CONSOFINVT,4.200001
CONTI,2.0999985
CONTROLPR,9.950012
CORALFINAC,0.5500002
CORDSCABLE,7.9000015
COROMANDEL,29.450012
CORPBANK,1.2999992
COSMOFILMS,5.350006
COUNCODOS,0.05000007
COX&KINGS,0.050000012
CPSEETF,1.0
CREATIVE,0.0
CREATIVEYE,0.0
CREDITACC,33.450012
CREST,9.400002
CRISIL,55.44995
CROMPTON,24.799988
CSBBANK,7.300003
CTE,1.25
CUB,5.550003
CUBEXTUB,1.6499996
CUMMINSIND,23.25
CUPID,8.5
CURATECH,0.0
CYBERTECH,2.1500015
CYIENT,10.549988
DAAWAT,1.3000011
DABUR,23.400024
DALBHARAT,24.049988
DALMIASUG,9.950005
DAMODARIND,1.8000011
DATAMATICS,3.050003
DBCORP,2.699997
DBL,12.299988
DBREALTY,0.6999998
DBSTOCKBRO,0.0
DCAL,4.8499985
DCBBANK,7.300003
DCI,0.25
DCM,1.8500004
DCMNVL,1.5
DCMSHRIRAM,11.75
DCW,0.40000057
DECCANCE,14.399994
DEEPAKFERT,4.2999954
DEEPAKNTR,21.450012
DEEPIND,3.9000015
DELTACORP,10.299988
DELTAMAGNT,2.9000015
DEN,1.75
DENORA,5.949997
DEVIT,0.05000305
DFMFOODS,18.399994
DGCONTENT,0.5
DHAMPURSUG,10.399994
DHANBANK,0.29999924
DHANUKA,54.650024
DHARSUGAR,0.39999962
DHFL,0.35000038
DHFL,0.009994507
DHFL,13.0
DHFL,20.0
DHFL,23.0
DHUNINV,15.5
DIAMONDYD,24.450012
DIAPOWER,0.049999952
DICIND,5.299988
DIGISPICE,0.25
DIGJAMLTD,0.050000012
DISHTV,0.6499996
DIVISLAB,36.0
DIXON,259.9502
DLF,8.499985
DLINKINDIA,5.4000015
DMART,84.05005
DNAMEDIA,0.099999994
DOLAT,2.4000015
DOLLAR,9.949997
DONEAR,0.95000076
DPABHUSHAN,0.0
DPSCLTD,0.6499996
DPWIRES,5.0
DQE,0.0
DREDGECORP,13.5
DRREDDY,89.75
DSML,0.0
DSSL,1.8500004
DTIL,6.549988
DUCON,0.4499998
DVL,2.3499985
DWARKESH,1.5499992
DYNAMATECH,41.150024
DYNPRO,9.649994
E2E,1.0
EASTSILK,0.100000024
EASUNREYRL,0.099999905
EBBETF0423,1.3499756
EBBETF0430,1.2399902
ECLERX,44.849976
ECLFINANCE,10.400024
ECLFINANCE,0.0
ECLFINANCE,7.950012
ECLFINANCE,0.0
ECLFINANCE,0.0
ECLFINANCE,10.0
ECLFINANCE,59.900024
ECLFINANCE,19.950012
ECLFINANCE,20.0
ECLFINANCE,0.0
ECLFINANCE,25.890015
ECLFINANCE,108.98999
ECLFINANCE,0.0
ECLFINANCE,55.0
ECLFINANCE,12.01001
ECLFINANCE,17.0
ECLFINANCE,0.0
EDELWEISS,3.25
EDL,0.20000005
EDUCOMP,0.100000024
EHFLNCD,0.0
EHFLNCD,10.0
EHFLNCD,45.099976
EICHERMOT,430.69922
EIDPARRY,8.900009
EIFFL,0.30000305
EIHAHOTELS,21.75
EIHOTEL,3.5
EIMCOELECO,16.75
EKC,1.4000015
ELECON,5.9000015
ELECTCAST,0.8500004
ELECTHERM,13.300003
ELGIEQUIP,8.299988
ELGIRUBCO,1.1999989
EMAMILTD,16.0
EMAMIPAP,0.0
EMAMIREAL,0.0
EMBASSY,6.75
EMCO,0.049999952
EMKAY,5.6500015
EMMBI,7.699997
EMOFSR1RDP,0.03999996
EMOFSR1RGG,0.07000065
ENDURANCE,38.5
ENERGYDEV,0.3000002
ENGINERSIN,5.9000015
ENIL,6.150009
EON,0.8000002
EQ30,0.0
EQUITAS,12.549995
ERFLNCDI,49.98999
ERFLNCDI,0.0
ERFLNCDI,100.0
ERFLNCDI,0.0
ERFLNCDI,0.0
ERIS,16.900024
EROSMEDIA,0.6999998
ESABINDIA,69.900024
ESCORTS,23.5
ESSARSHPNG,0.5999999
ESSELPACK,10.899994
ESTER,2.6499977
EUROCERA,0.100000024
EUROMULTI,0.100000024
EUROTEXIND,0.0
EVEREADY,3.1499977
EVERESTIND,15.549988
EXCEL,0.100000024
EXCELINDUS,53.0
EXIDEIND,5.699997
EXPLEOSOL,19.649994
FACT,1.0
FAIRCHEM,8.899994
FCL,0.70000076
FCONSUMER,1.5
FCSSOFT,0.049999997
FDC,14.949997
FEDERALBNK,3.0
FEL,0.8999996
FELDVR,1.0499992
FIEMIND,24.049988
FILATEX,1.0
FINCABLES,13.850006
FINEORG,76.19995
FINPIPE,12.25
FLEXITUFF,0.5
FLFL,10.5
FLUOROCHEM,16.0
FMGOETZE,11.5
FMNL,1.3500004
FORCEMOT,58.0
FORTIS,6.25
FOSECOIND,85.80005
FOURTHDIM,0.0
FRETAIL,9.399994
FSC,11.950012
FSL,2.4500008
GABRIEL,5.0999985
GAEL,9.100006
GAIL,5.0
GAL,0.099999905
GALAXYSURF,57.899902
GALLANTT,1.7999992
GALLISPAT,2.9000015
GAMMNINFRA,0.050000012
GANDHITUBE,10.899994
GANECOS,10.0
GANESHHOUC,2.9000015
GANGESSECU,3.6499977
GANGOTRI,0.0
GARDENSILK,0.75
GARFIBRES,70.1499
GATI,1.0
GAYAHWS,0.050000012
GAYAPROJ,3.7999992
GDL,4.350006
GEECEE,2.100006
GEEKAYWIRE,0.0
GENESYS,1.6500015
GENUSPAPER,0.39999962
GENUSPOWER,0.79999924
GEOJITFSL,0.80000114
GEPIL,12.25
GESHIP,18.700012
GET&D,8.5
GFLLIMITED,8.899994
GHCL,6.300003
GICHSGFIN,2.75
GICRE,6.950012
GILLANDERS,2.1999989
GILLETTE,34.5
GINNIFILA,0.8000002
GIPCL,2.5999985
GKWLIMITED,4.0
GLAXO,39.0
GLENMARK,16.100006
GLFL,0.0
GLOBALVECT,4.6000023
GLOBOFFS,0.2999997
GLOBUSSPR,3.850006
GMBREW,11.800018
GMDCLTD,2.0
GMMPFAUDLR,89.6499
GMRINFRA,1.0500011
GNA,10.450012
GNFC,4.399994
GOACARBON,16.100006
GOCLCORP,13.950012
GODFRYPHLP,64.349976
GODHA,0.0
GODREJAGRO,13.900024
GODREJCP,14.899963
GODREJIND,15.399994
GODREJPROP,28.099976
GOENKA,0.050000012
GOKEX,3.4000015
GOKUL,0.6499996
GOKULAGRO,1.1000004
GOLDBEES,0.20000076
GOLDENTOBC,1.1000004
GOLDIAM,23.699997
GOLDSHARE,24.849854
GOLDSTAR,0.0
GOLDTECH,0.8000002
GOODLUCK,3.2000008
GPIL,11.649994
GPPL,2.899994
GPTINFRA,2.6500015
GRANULES,2.5
GRAPHITE,8.0
GRASIM,22.400024
GRAVITA,4.5999985
GREAVESCOT,3.9000092
GREENLAM,41.5
GREENPANEL,3.300003
GREENPLY,9.75
GREENPOWER,0.049999952
GRINDWELL,14.0
GROBTEA,9.950012
GRPLTD,89.0
GRSE,5.75
GSCLCEMENT,1.2000008
GSFC,4.0
GSKCONS,195.05078
GSPL,11.400009
GSS,3.9000015
GTL,0.100000024
GTLINFRA,0.049999982
GTNTEX,0.0
GTPL,2.3499985
GUFICBIO,3.8499985
GUJALKALI,19.350006
GUJAPOLLO,3.6500015
GUJGASLTD,8.699982
GUJRAFFIA,0.5500002
GULFOILLUB,7.049988
GULFPETRO,4.0
GULPOLY,3.0499992
GVKPIL,0.25
HAL,26.950012
HARITASEAT,39.649963
HARRMALAYA,3.4500008
HATHWAY,0.6499996
HATSUN,12.049988
HAVELLS,13.599976
HAVISHA,0.050000012
HBLPOWER,0.5999985
HCC,0.3000002
HCG,3.75
HCL-INSYS,0.1500001
HCLTECH,19.300049
HDFC,30.25
HDFCAMC,34.0
HDFCBANK,17.550049
HDFCLIFE,7.1500244
HDFCMFGETF,20.850098
HDFCNIFETF,14.560059
HDFCSENETF,109.0
HDIL,0.1500001
HEG,31.700073
HEIDELBERG,5.050003
HERCULES,3.5999985
HERITGFOOD,20.350006
HEROMOTOCO,29.849854
HESTERBIO,26.399902
HEXATRADEX,0.8500004
HEXAWARE,9.0
HFCL,0.25
HGINFRA,13.0
HGS,17.950012
HHOF1140RG,0.15999985
HIKAL,5.6500015
HIL,88.30005
HILTON,0.5
HIMATSEIDE,3.949997
HINDALCO,6.899994
HINDCOMPOS,12.0
HINDCOPPER,1.6000023
HINDMOTORS,0.099999905
HINDNATGLS,0.15000153
HINDOILEXP,2.5
HINDPETRO,10.799988
HINDSYNTEX,0.0
HINDUNILVR,48.19995
HINDZINC,3.050003
HIRECT,10.000015
HISARMETAL,3.9000015
HITECH,8.0
HITECHCORP,3.4000015
HITECHGEAR,6.899994
HLVLTD,0.25
HMT,0.75
HMVL,2.300003
HNDFDS,47.450012
HNGSNGBEES,29.700012
HONAUT,505.75
HONDAPOWER,37.849976
HOVS,2.8999977
HPIL,0.19999695
HPL,2.3500023
HSCL,3.25
HSIL,1.5499992
HTMEDIA,0.6000004
HUBTOWN,0.35000038
HUDCO,1.3999977
HUDCO,9.349976
HUDCO,0.0
HUDCO,2.9899902
HUDCO,39.0
HUDCO,17.880005
IBMFNIFTY,3.1500015
IBREALEST,3.3499985
IBUCCREDIT,0.0
IBUCCREDIT,0.0
IBUCCREDIT,30.900024
IBULHSGFIN,9.5
IBULHSGFIN,54.799988
IBULHSGFIN,0.0
IBULHSGFIN,15.0
IBULISL,7.25
IBVENTURES,2.449997
IBVENTURES,7.850006
ICEMAKE,0.0
ICFL,5.0
ICFL,27.900024
ICFL,0.0
ICFL,0.0
ICFL,0.0
ICICI500,0.9700012
ICICIB22,0.7599983
ICICIBANK,10.349976
ICICIBANKN,3.5
ICICIBANKP,2.300003
ICICIGI,24.0
ICICIGOLD,1.1899986
ICICILIQ,0.049987793
ICICILOVOL,4.699997
ICICIM150,2.5699997
ICICIMCAP,1.1200027
ICICINF100,1.2400055
ICICINIFTY,1.75
ICICINV20,2.2000008
ICICINXT50,0.42000008
ICICIPRULI,17.99997
ICICISENSX,11.0
ICIL,1.5499992
ICRA,44.899902
IDBI,0.80000305
IDBIGOLD,18.0
IDEA,0.3499999
IDFC,1.300003
IDFCFIRSTB,1.2000008
IDFCFIRSTB,47.049805
IDFCFIRSTB,149.0
IDFCFIRSTB,0.009765625
IDFCFIRSTB,0.0
IDFCFIRSTB,10.0
IDFCFIRSTB,0.0
IDFCFIRSTB,10.0
IDFNIFTYET,9.949997
IEX,14.850006
IFBAGRO,16.549988
IFBIND,33.25
IFCI,0.14999962
IFCI,7.0
IFCI,11.049988
IFCI,0.0
IFGLEXPOR,10.699997
IGARASHI,16.100006
IGL,15.7499695
IGPL,7.5
IIFCL,0.4000244
IIFL,8.300003
IIFLFIN,2.0
IIFLFIN,80.0
IIFLFIN,1.2000122
IIFLFIN,7.0
IIFLFIN,21.0
IIFLFIN,0.0
IIFLSEC,2.6499977
IIFLWAM,37.400024
IIHFL,1.0
IITL,0.5999985
IL&FSENGG,0.100000024
IL&FSTRANS,0.100000024
IMFA,8.849991
IMPAL,7.950012
IMPEXFERRO,0.050000012
INDBANK,0.79999924
INDHOTEL,4.75
INDIACEM,2.6500015
INDIAGLYCO,15.549988
INDIAMART,73.0
INDIANB,4.550003
INDIANCARD,7.949997
INDIANHUME,26.899994
INDIGO,55.94995
INDIGRID,0.33999634
INDLMETER,2.0
INDNIPPON,16.850006
INDOCO,12.25
INDORAMA,0.55000114
INDOSOLAR,0.100000024
INDOSTAR,16.950012
INDOTECH,1.949997
INDOTHAI,1.1499996
INDOWIND,0.19999981
INDRAMEDCO,1.050003
INDSWFTLAB,0.35000038
INDSWFTLTD,0.29999995
INDTERRAIN,2.5999985
INDUSINDBK,29.5
INEOSSTYRO,17.049988
INFIBEAM,2.2000008
INFOBEAN,6.6500015
INFRABEES,4.9599915
INFRATEL,10.100006
INFY,13.350037
INGERRAND,15.400024
INNOVANA,5.1500015
INNOVATIVE,0.0
INOXLEISUR,10.800018
INOXWIND,3.3499985
INSECTICID,23.849976
INSPIRISYS,3.0999985
INTEGRA,0.0
INTELLECT,3.350006
INTENTECH,1.2999992
INVENTURE,0.5
IOB,0.25
IOC,5.9500046
IOLCP,9.899994
IPCALAB,48.150024
IRB,7.9000015
IRBINVIT,0.54999924
IRCON,19.549988
IRCTC,88.94995
IREDA,0.0
IRFC,7.0
IRFC,3.0
IRFC,0.0
IRFC,7.0
IRFC,0.0
IRFC,1.8000488
IRFC,4.0
ISEC,18.299988
ISFT,8.700005
ISMTLTD,0.19999981
ITC,4.349991
ITDC,8.950012
ITDCEM,3.5
ITI,3.3499985
IVC,0.1500001
IVP,2.75
IVZINGOLD,0.0
IVZINNIFTY,25.900024
IZMO,1.3499985
J&KBANK,0.69999886
JAGRAN,2.6500015
JAGSNPHARM,1.75
JAIBALAJI,2.3999996
JAICORPLTD,4.550003
JAKHARIA,0.0
JALAN,0.0
JAMNAAUTO,2.2000008
JASH,5.849991
JAYAGROGN,6.0
JAYBARMARU,8.199997
JAYNECOIND,0.1500001
JAYSREETEA,2.6000023
JBCHEPHARM,13.950012
JBFIND,0.6500006
JBMA,8.599991
JCHAC,55.44995
JETAIRWAYS,0.0
JHS,1.1999998
JIKIND,0.050000012
JINDALPHOT,1.2999992
JINDALPOLY,13.75
JINDALSAW,4.6500015
JINDALSTEL,5.699997
JINDCOT,0.05000007
JINDRILL,8.449997
JINDWORLD,1.9500008
JISLDVREQS,0.5999999
JISLJALEQS,0.5500002
JITFINFRA,0.9000006
JIYAECO,1.0
JKCEMENT,28.0
JKIL,5.599991
JKLAKSHMI,13.899994
JKPAPER,3.449997
JKTYRE,3.75
JMA,2.9500008
JMCPROJECT,2.6500015
JMFINANCIL,5.2000046
JMTAUTOLTD,0.049999952
JOCIL,7.5999985
JPASSOCIAT,0.100000024
JPINFRATEC,0.049999952
JPOLYINVST,0.0
JPPOWER,0.049999952
JSL,3.1500015
JSLHISAR,4.399994
JSWENERGY,2.0000038
JSWHL,28.0
JSWSTEEL,9.899994
JSWSTEEL,0.049999952
JTEKTINDIA,4.800003
JUBILANT,39.700012
JUBLFOOD,83.80005
JUBLINDS,0.0
JUMPNET,2.5999985
JUNIORBEES,4.75
JUSTDIAL,28.600037
JVLAGRO,0.050000012
JYOTHYLAB,4.199997
KABRAEXTRU,3.9500046
KAJARIACER,12.099976
KAKATCEM,15.550003
KALPATPOWR,12.0
KALYANIFRG,8.399994
KAMATHOTEL,0.75
KAMDHENU,6.449997
KANANIIND,0.3000002
KANORICHEM,1.5
KANSAINER,23.100006
KARDA,1.1000061
KARMAENG,1.1999998
KARURVYSYA,2.2000008
KAUSHALYA,0.050000012
KAYA,34.80002
KCP,2.0999985
KCPSUGIND,1.1000004
KDDL,37.0
KEC,22.5
KECL,1.1500015
KEI,18.849976
KELLTONTEC,1.8999996
KENNAMET,35.900024
KERNEX,1.0
KESORAMIND,1.25
KEYFINSERV,0.10000229
KGL,0.099999994
KHADIM,8.149994
KHAITANLTD,0.29999924
KHFM,2.9499989
KICL,35.650024
KILITCH,3.5999985
KINGFA,15.0
KIOCL,4.050003
KIRIINDUS,16.899994
KIRLFER,2.199997
KIRLOSBROS,9.699997
KIRLOSENG,7.050003
KIRLOSIND,45.350037
KITEX,3.75
KKCL,25.0
KMSUGAR,0.35000038
KNRCON,12.399994
KOHINOOR,0.40000057
KOKUYOCMLN,3.75
KOLTEPATIL,9.399994
KOPRAN,1.75
KOTAKBANK,45.849976
KOTAKBKETF,6.299988
KOTAKGOLD,3.5499878
KOTAKNIFTY,1.550003
KOTAKNV20,2.0
KOTAKPSUBK,5.4900055
KOTARISUG,0.9499998
KOTHARIPET,1.1999989
KOTHARIPRO,3.050003
KPITTECH,3.9000015
KPRMILL,13.850037
KRBL,9.75
KREBSBIO,2.5
KRIDHANINF,0.20000005
KRISHANA,2.7000008
KSB,32.400024
KSCL,8.0
KSERASERA,0.050000004
KSK,0.100000024
KSL,8.949997
KTKBANK,1.949997
KUANTUM,20.099976
KWALITY,0.14999998
L&TFH,3.7999954
L&TFINANCE,0.0
L&TFINANCE,1.0
L&TFINANCE,0.0
L&TFINANCE,0.0
L&TINFRA,9.390015
L&TINFRA,1.0
L&TINFRA,0.0
L&TINFRA,20.0
L&TINFRA,6.9399414
L&TINFRA,33.0
LAKSHVILAS,0.29999924
LALPATHLAB,58.549927
LAMBODHARA,0.9000015
LAOPALA,7.050003
LASA,3.3000011
LAURUSLABS,44.950012
LAXMIMACH,113.0
LEMONTREE,1.7999992
LFIC,3.75
LGBBROSLTD,11.799988
LGBFORGE,0.25
LIBAS,4.299999
LIBERTSHOE,4.800003
LICHSGFIN,19.5
LICNETFGSC,0.8999996
LICNETFN50,5.939995
LICNETFSEN,28.799988
LICNFNHGP,3.6899948
LINCOLN,6.899994
LINCPEN,6.949997
LINDEINDIA,22.900024
LIQUIDBEES,0.42999268
LIQUIDETF,0.020019531
LOKESHMACH,4.1000023
LOTUSEYE,2.1499996
LOVABLE,2.3499985
LPDC,0.100000024
LSIL,0.050000012
LT,16.550049
LTI,40.849976
LTTS,46.849976
LUMAXIND,92.900024
LUMAXTECH,7.7000046
LUPIN,18.700012
LUXIND,54.849976
LYKALABS,1.1499996
LYPSAGEMS,0.5
M&M,11.700012
M&MFIN,12.850006
M&MFIN,0.0
M100,0.37999916
M15RG,0.049999714
M17RG,0.5499997
M50,1.8800049
MAANALU,4.3499985
MACPOWER,0.0
MADHAV,3.9500008
MADHUCON,0.19999981
MADRASFERT,0.8500004
MAGADSUGAR,9.949997
MAGMA,4.5
MAGNUM,0.0
MAHABANK,0.4499998
MAHAPEXLTD,4.0
MAHASTEEL,6.550003
MAHESHWARI,8.950012
MAHICKRA,0.0
MAHINDCIE,5.25
MAHLIFE,20.0
MAHLOG,14.0
MAHSCOOTER,68.950195
MAHSEAMLES,13.0
MAITHANALL,20.799988
MAJESCO,12.399994
MALUPAPER,2.3500023
MAN50ETF,3.75
MANAKALUCO,0.54999995
MANAKCOAT,0.25000024
MANAKSIA,1.1000023
MANAKSTEEL,1.0
MANALIPETC,0.75
MANAPPURAM,5.0
MANAV,0.0
MANGALAM,2.5
MANGCHEFER,0.8499985
MANGLMCEM,14.700012
MANGTIMBER,0.4499998
MANINDS,6.799999
MANINFRA,1.8499985
MANUGRAPH,1.0500002
MANXT50,96.92999
MARALOVER,1.3499994
MARATHON,4.800003
MARICO,28.149994
MARINE,2.75
MARKSANS,0.6499996
MARSHALL,0.0
MARUTI,168.4502
MASFIN,40.0
MASTEK,8.900024
MATRIMONY,8.049988
MAWANASUG,1.4500008
MAXINDIA,2.800003
MAXVIL,2.199997
MAYURUNIQ,8.949997
MAZDA,8.949982
MBAPL,3.550003
MBECL,0.3000002
MBLINFRA,0.20000005
MCDHOLDING,0.8999996
MCDOWELL-N,24.450012
MCL,2.5
MCLEODRUSS,0.3000002
MCX,62.19995
MDL,0.0
MEGASOFT,0.4500003
MEGH,3.7999992
MELSTAR,0.0
MENONBE,1.6000023
MEP,1.9000015
MERCATOR,0.0
METALFORGE,0.0
METKORE,0.0
METROPOLIS,40.44995
MFSL,13.850006
MGEL,0.0
MGL,72.349976
MHRIL,10.450012
MIC,0.100000024
MIDHANI,6.449997
MINDACORP,8.700005
MINDAIND,11.0
MINDTECK,1.4500008
MINDTREE,24.5
MIRCELECTR,1.0
MIRZAINT,1.7000008
MITTAL,0.0
MMFL,25.450012
MMP,7.0
MMTC,1.0
MOHITIND,0.0
MOHOTAIND,0.0
MOIL,8.0
MOLDTECH,1.9500008
MOLDTKPAC,9.200012
MONTECARLO,10.649994
MORARJEE,1.8500004
MOREPENLAB,0.35000038
MOTHERSUMI,9.150009
MOTILALOFS,28.899963
MOTOGENFIN,3.4000015
MPHASIS,21.950012
MPSLTD,47.149994
MRF,1281.7969
MRPL,2.5499992
MSPL,0.4000001
MSTCLTD,7.300003
MTEDUCARE,1.25
MTNL,0.25
MUKANDENGG,0.4499998
MUKANDLTD,2.1000004
MUKTAARTS,1.3500023
MUNJALAU,1.550003
MUNJALSHOW,1.7000046
MURUDCERA,1.1999989
MUTHOOTCAP,33.700012
MUTHOOTFIN,23.600037
N100,6.9000244
NABARD,11.839966
NACLIND,1.8999996
NAGAFERT,0.4000001
NAGREEKCAP,0.5999999
NAGREEKEXP,0.9499998
NAHARCAP,0.0
NAHARINDUS,1.2999992
NAHARPOLY,2.6500015
NAHARSPING,0.8999977
NAM-INDIA,13.0
NARMADA,0.0
NATCOPHARM,26.900024
NATHBIOGEN,12.600006
NATIONALUM,2.0
NATNLSTEEL,0.0
NAUKRI,109.94995
NAVINFLUOR,87.900024
NAVKARCORP,0.79999924
NAVNETEDUL,5.300003
NBCC,1.449997
NBIFIN,60.0
NBVENTURES,6.1500015
NCC,2.300003
NCLIND,5.0
NDGL,1.0
NDL,1.7999992
NDTV,2.1000004
NECCLTD,0.2999997
NECLIFE,1.0
NELCAST,3.0499992
NELCO,6.600006
NEOGEN,26.299988
NESCO,47.0
NESTLEIND,326.9502
NETF,1.2300034
NETFCONSUM,0.52000046
NETFDIVOPP,0.26000023
NETFLTGILT,0.059999466
NETFMID150,0.9000015
NETFNIF100,1.5100021
NETFNV20,1.0300026
NETWORK18,1.1000004
NEULANDLAB,41.950012
NEWGEN,12.0
NEXTMEDIA,0.6999998
NFL,0.75
NH,11.0
NHAI,1.7900391
NHAI,7.9000244
NHAI,3.0
NHAI,9.880005
NHAI,0.0
NHAI,0.0
NHAI,2.75
NHAI,216.80005
NHAI,1.8900146
NHBTF2014,90.0
NHPC,1.4499989
NHPC,28.0
NIACL,4.350006
NIBL,0.3000002
NIFTYBEES,1.5299911
NIITLTD,2.5499954
NIITTECH,110.54993
NILAINFRA,0.1500001
NILASPACES,0.049999952
NILKAMAL,33.75
NIPPOBATRY,13.649994
NITCO,0.70000076
NITINFIRE,0.099999994
NITINSPIN,1.6500015
NKIND,0.0
NLCINDIA,1.75
NMDC,6.100006
NOCIL,10.800003
NOIDATOLL,0.29999995
NPBET,0.91000366
NRAIL,11.800003
NRBBEARING,4.4000015
NSIL,29.0
NTL,0.099999994
NTPC,3.75
NTPC,0.0
NTPC,42.0
NTPC,0.17000008
NTPC,0.0
NTPC,0.0
NUCLEUS,12.950012
NXTDIGITAL,14.650024
OAL,9.149994
OBEROIRLTY,21.900024
OCCL,27.549988
OFSS,129.5
OIL,11.049995
OILCOUNTUB,0.25
OISL,0.20000005
OLECTRA,4.0
OMAXAUTO,11.700001
OMAXE,3.649994
OMKARCHEM,0.25
OMMETALS,1.2000008
ONELIFECAP,0.7500005
ONEPOINT,0.54999924
ONGC,9.25
ONMOBILE,0.6500015
ONWARDTEC,1.5000038
OPTIEMUS,2.2999992
OPTOCIRCUI,0.1500001
ORBTEXP,2.5999985
ORICONENT,0.70000076
ORIENTABRA,0.69999886
ORIENTALTL,0.3000002
ORIENTBANK,1.8500023
ORIENTBELL,6.199997
ORIENTCEM,5.0
ORIENTELEC,20.000015
ORIENTHOT,0.6000004
ORIENTLTD,0.34999847
ORIENTPPR,1.1500015
ORIENTREF,6.150009
ORISSAMINE,86.75
ORTEL,0.050000012
ORTINLABSS,0.34999943
OSIAHYPER,0.0
OSWALAGRO,0.8000002
PAEL,0.1500001
PAGEIND,617.8496
PAISALO,21.0
PALREDTEC,0.94999886
PANACEABIO,8.199997
PANACHE,3.0
PANAMAPET,3.2500038
PAPERPROD,5.100006
PARABDRUGS,0.0
PARACABLES,0.39999962
PARAGMILK,9.550003
PARSVNATH,0.099999905
PATELENG,0.79999924
PATINTLOG,1.1499996
PATSPINLTD,0.4000001
PCJEWELLER,0.5
PDMJEPAPER,1.1500015
PDPL,0.0
PDSMFL,9.950012
PEARLPOLY,0.0
PEL,87.0
PENIND,0.70000076
PENINLAND,0.5
PERSISTENT,27.0
PETRONENGG,0.5000005
PETRONET,7.75
PFC,5.449997
PFC,2.5100098
PFC,13.900024
PFIZER,135.5498
PFOCUS,7.299999
PFS,1.2000008
PGEL,4.5999985
PGHH,203.2002
PGHL,143.1997
PGIL,7.300003
PHILIPCARB,6.0
PHOENIXLTD,31.0
PIDILITIND,32.75
PIIND,67.0
PILANIINVS,31.300049
PILITA,0.25
PIONDIST,4.4500046
PIONEEREMB,2.1499977
PITTIENG,1.2999992
PKTEA,8.899994
PLASTIBLEN,6.849991
PNB,1.4000015
PNBGILTS,0.55000114
PNBHOUSING,16.75
PNC,1.25
PNCINFRA,5.899994
PODDARHOUS,15.0
PODDARMENT,10.350006
POKARNA,5.199997
POLYCAB,38.700012
POLYMED,26.399994
POLYPLEX,24.600037
PONNIERODE,14.800003
POWERGRID,10.399994
POWERMECH,38.849976
PPAP,9.199997
PPL,5.75
PRABHAT,2.0999985
PRADIP,0.0
PRAENG,0.3000002
PRAJIND,4.0999985
PRAKASH,4.700001
PRECAM,2.0
PRECOT,4.700001
PRECWIRE,8.5
PREMEXPLN,3.75
PREMIER,0.0
PREMIERPOL,1.5
PRESSMN,0.9000015
PRESTIGE,11.549988
PRICOLLTD,1.7000008
PRIMESECU,3.1500015
PRINCEPIPE,7.050003
PROSEED,0.050000012
PROZONINTU,0.54999924
PRSMJOHNSN,2.300003
PSB,1.0
PSL,0.050000012
PSPPROJECT,11.149994
PSUBNKBEES,1.7900009
PTC,2.1500015
PTL,0.9000015
PUNJABCHEM,48.80002
PUNJLLOYD,0.100000024
PURVA,4.649994
PUSHPREALM,0.0
PVR,46.450073
QGOLDHALF,6.199951
QNIFTY,6.0
QUESS,22.950012
QUICKHEAL,4.399994
RADICO,18.5
RADIOCITY,1.0
RAIN,4.449997
RAJESHEXPO,13.450012
RAJRAYON,0.05
RAJSREESUG,2.6999989
RAJTV,6.6500015
RAJVIR,0.0
RALLIS,11.550003
RAMANEWS,0.79999924
RAMASTEEL,3.8499985
RAMCOCEM,17.450012
RAMCOIND,2.800003
RAMCOSYS,7.649994
RAMKY,1.5000019
RANASUG,0.25
RANEENGINE,8.5
RANEHOLDIN,23.950012
RATNAMANI,16.300049
RAYMOND,18.849976
RBL,17.25
RBLBANK,11.149994
RCF,1.8500023
RCOM,0.050000012
RECLTD,6.949997
RECLTD,0.0
REDINGTON,4.6500015
REFEX,1.6499977
REGENCERAM,0.0
RELAXO,22.200012
RELCAPITAL,0.40000057
RELIANCE,46.05005
RELIGARE,1.3499985
RELINFRA,1.2999992
REMSONSIND,9.800003
RENUKA,0.3499999
REPCOHOME,8.299988
REPRO,15.849976
RESPONIND,1.3500061
REVATHI,24.0
RGL,21.700012
RHFL,0.0
RHFL,33.990005
RHFL,1.199997
RICOAUTO,1.5499992
RIIL,16.399994
RITES,11.449982
RKDL,0.25
RKFORGE,8.900024
RMCL,0.5
RMDRIP,0.0
RML,12.0
RNAVAL,0.0
ROHITFERRO,0.100000024
ROHLTD,2.300003
ROLLT,0.049999952
ROLTA,0.20000005
ROSSELLIND,1.949997
RPGLIFE,27.5
RPOWER,0.0
RPPINFRA,1.9000015
RPPL,0.0
RSSOFTWARE,1.8500004
RSWM,4.699997
RSYSTEMS,3.5999985
RTNINFRA,0.10000014
RTNPOWER,0.049999952
RUBYMILLS,13.05000